TIME,Operator Controller Unjam Command,Ball Counter Ball Count,IMU Filtered X Angle,Shooter Motor 2 Speed,Shooter Desired Speed,Right Intern Moter Current,Robot Front Tilt Angle,Driver FwdRev Command,Control Panel State Machine Game Data Color Command,Operator Controller Climb Speed Command,IMU Filtered Y Angle,Hopper Motor Left Cmd,Shooter Motor 1 Speed,Hopper Motor Right Current,Total Tilt Angle,Pneumatics Compressor Current,Shots Taken,Climber Input Command,Operator Controller Shoot Command,Control Panel Actual Angle,Climber Motor 2 Current,botDesPoseY,botDesPoseX,Drivetrain Op Mode,botDesPoseT,Left Intern Moter Current,Intake Motor Current,Pneumatics Main System Pressure,Drivetrain Heading Correction Command,Shooter Wheel Current Control Mode,Shooter Motor 2 Percent,Control Panel Desired Angle,Shooter Input Mode Command,Left Master Moter Current,Drivetrain Right Motor Output Duty Cycle,Vision Raspberry Pi Duration,Conveyor Motor Speed Command,Vision Raspberry Pi Visible Target,Operator Controller Eject Desired Command,Control Panel State Machine 3.25 spin,Hopper Motor Right Cmd,Conveyor Intake End Ball Present,Intake Speed State,Ball Distance Sensor Raw Voltage,Operator Controller Ctrl Panel Three Rotations Command,Shooter Motor 2 in Voltage,Main Loop Call Period,IMU Comp X Angle,Shooter Motor 1 Current,Control Panel State Machine Rotate to Color,roboRIO Sys Memory Load,Operator Controller Photon Cannon Command,Ball Counter Sensor Distance,Photon Cannon State,Robot Brownout,botActPoseT,botActPoseX,botActPoseY,Climber Motor 1 Current,Driver Auto Align and Shoot Command,Battery Current Draw,Shooter Motor 1 Percent,Drivetrain Left Motor output Duty Cycle,Driver Rotate Command,Climber Upper Limit Switch,Drivetrain Pose Angle,Drivetrain Left Wheel Actual Speed,Shooter Motor 1 in Voltage,Battery Voltage,Robot Side Tilt Angle,Operator Controller Prep to Shoot Command,roboRIO JVM Memory Load,Climber Lower Limit Switch,Color Sensor Blue Intensity,Drivetrain Left Wheel Desired Speed,Operator Controller Climb Enable Command,Control Panel Motor Current,Ball Counter Ball Height State,Operator Controller Ctrl Panel Seek To Color Command,Conveyor Position,Driver Snail Mode Command,Shooter Actual Speed,Main Loop Process Duration,Ball Distance Sensor Available,roboRIO CPU Load,Intake Speed Command,Vision Raspberry Pi Framerate,Ball Distance Sensor Distance,Pneumatics Cutoff Switch State,Intake Solenoid Command,IMU Comp Y Angle,Vision Raspberry Pi Stable Target,Color Sensor Match Color,Conveyor Motor Current,Color Sensor Red Intensity,Dataserver File Logger Queue Length,Drivetrain Right Wheel Desired Speed,Vision Raspberry Pi Angle,Operator Controller Intake Desired Command,Shooter Motor 2 Current,Color Sensor Green Intensity,Vision Raspberry Pi Vision System Online,Robot CAN Bus Utilization,Right Master Moter Current,Climber Motor Command,PDP Cooling Fans Current,Dataserver Stored Samples,Shooter Under Load,Drivetrain Right Wheel Actual Speed,Conveyor Shooter End Ball Present,PDP Upper Board Current,Drivetrain Desired Heading,Driver Auto Align Only Command,Intake Position State,Hopper Motor Left Current,Driver Flip Front/Back Command,
sec,bool,count,deg,RPM,RPM,A,degrees,cmd,color,cmd,deg,cmd,RPM,A,degrees,A,balls,cmd,bool,deg,A,ft,ft,mode,deg,A,A,psi,RPM,state,pct,deg,state,A,pct,sec,pct,bool,bool,degrees,cmd,bool,state,V,bool,V,sec,deg,A,degrees,pct,bool,in,bool,bool,deg,ft,ft,A,bool,A,pct,pct,cmd,state,deg,RPM,V,V,degrees,bool,pct,state,sat,RPM,bool,A,heightState,bool,feet,bool,RPM,sec,bool,pct,cmd,fps,in,bool,bool,deg,bool,color,A,sat,count,RPM,deg,bool,A,sat,bool,pct,A,cmd,A,count,bool,RPM,bool,A,deg,bool,state,A,bool,
103.853609,,,,,,,,,,,,,,,,,,,,,,,,,,,,,,,,,,,,,,,,,,,,,,,,,,,,,,,,,,,,,,,,,,,,,,,,,,,,,,,,,,,0.022346999999996342,,,,,,,,,,,,,,,,,,,,,,,,,,,,,,,,,,
103.911012,0.0,0.0,359.6186757114552,0.0,0.0,0.0,,0.0,-1.0,0.0,359.6663418145618,0.0,-0.0,0.0,1.9497416721068817,0.0,0.0,0.0,0.0,5810.35107421875,0.0,,,0.0,,0.0,0.0,76.64793945,0.0,2.0,0.0,5812.9384765625,3.0,0.0,0.0,0.04900097846984863,0.0,0.0,0.0,0.0,0.0,0.0,0.0,,0.0,11.515625,0.057402999999993654,-0.8546945614324188,0.0,0.0,,0.0,8.976377952755895,0.0,0.0,,,,0.0,0.0,13.375,0.0,0.0,-0.0,0.0,0.22895537437140046,-0.0,11.7421875,11.95,91.94974167210688,0.0,,1.0,0.0,0.0,0.0,25.65625,0.0,0.0,0.0,0.0,0.0,0.06278199999999856,1.0,,0.0,7.490952214260711,8.976377952755895,1.0,0.0,0.09557533247725981,0.0,-1.0,0.0,0.0,69.0,0.0,0.0,0.0,0.0,0.0,1.0,0.4644128084182739,0.0,0.0,0.0,15.0,1.0,0.0,0.0,0.0,0.0,0.0,0.0,0.0,0.0,
103.981676,0.0,0.0,358.9155212867646,0.0,0.0,0.0,,0.0,-1.0,0.0,359.8585544856673,0.0,-0.0,0.0,-1.9451467614142786,0.0,0.0,0.0,0.0,5806.38427734375,0.0,,,0.0,,0.0,0.0,76.8310449,0.0,2.0,0.0,5807.9521484375,3.0,0.0,0.0,0.04900097846984863,0.0,0.0,0.0,0.0,0.0,0.0,0.0,,0.0,12.53125,0.07066399999999362,-0.8595178157345895,0.0,0.0,,0.0,8.91732283464566,0.0,0.0,,,,0.0,0.0,13.375,0.0,0.0,-0.0,0.0,0.22676390876700495,-0.0,12.65625,12.6,88.05485323858572,0.0,,1.0,0.0,0.0,0.0,32.5625,0.0,0.0,0.0,0.0,0.0,0.021202000000002386,1.0,,0.0,7.490952214260711,8.91732283464566,1.0,0.0,0.09015278708668654,0.0,-1.0,0.0,0.0,174.0,0.0,0.0,0.0,0.0,0.0,1.0,0.4813142716884613,0.0,0.0,0.0,20.0,1.0,0.0,0.0,0.0,0.0,0.0,0.0,0.0,0.0,
104.009055,0.0,0.0,359.757638980787,0.0,0.0,0.0,,0.0,-1.0,0.0,359.6122206145453,0.0,-0.0,0.0,-1.2085924320268617,0.0,0.0,0.0,0.0,5806.23291015625,0.0,,,0.0,,0.0,0.0,76.87682126250002,0.0,2.0,0.0,5806.38427734375,3.0,0.0,0.0,0.04900097846984863,0.0,0.0,0.0,0.0,0.0,0.0,0.0,,0.0,12.265625,0.02737900000001048,-0.8479863256775381,0.0,0.0,,0.0,8.897637795275582,0.0,0.0,,,,0.0,0.0,12.0,0.0,0.0,-0.0,0.0,0.2221579123201187,-0.0,12.296875,12.5,88.79140756797314,0.0,,1.0,0.0,0.0,0.0,26.0,0.0,0.0,0.0,0.0,0.0,0.023770999999996434,1.0,,0.0,7.490952214260711,8.897637795275582,1.0,0.0,0.0910194793341788,0.0,-1.0,0.0,0.0,279.0,0.0,0.0,0.0,0.0,0.0,1.0,0.541781485080719,0.0,0.0,0.0,19.0,1.0,0.0,0.0,0.0,0.0,0.0,0.0,0.0,0.0,
104.040787,0.0,0.0,359.24615795683593,0.0,0.0,0.0,,0.0,-1.0,0.0,0.2355694799002034,0.0,-0.0,0.0,0.0,0.0,0.0,0.0,0.0,5807.27197265625,0.0,,,0.0,,0.0,0.0,76.6937158125,0.0,2.0,0.0,5806.89404296875,3.0,0.0,0.0,0.04900097846984863,0.0,0.0,0.0,0.0,0.0,0.0,0.0,,0.0,12.4140625,0.03173199999999099,-0.8357765877878168,0.0,0.0,,0.0,8.877952755905504,0.0,0.0,,,,0.0,0.0,8.25,0.0,0.0,-0.0,0.0,0.2235333234068097,-0.0,12.3984375,12.200000000000001,90.0,0.0,,1.0,0.0,0.0,0.0,28.40625,0.0,0.0,0.0,0.0,0.0,0.024268000000006396,1.0,,0.0,7.490952214260711,8.877952755905504,1.0,0.0,0.09218119712438946,0.0,-1.0,0.0,0.0,8.0,0.0,0.0,0.0,0.0,0.0,1.0,0.47873690724372864,0.0,0.0,0.0,24.0,1.0,0.0,0.0,0.0,0.0,0.0,0.0,0.0,0.0,
104.07125,0.0,0.0,358.72594279157755,0.0,0.0,0.0,,0.0,-1.0,0.0,0.33028571569343523,0.0,-0.0,0.0,-1.7034616100511357,0.0,0.0,0.0,0.0,5806.8564453125,0.0,,,0.0,,0.0,0.0,76.28172855000001,0.0,2.0,0.0,5806.8564453125,3.0,0.0,0.0,0.04900097846984863,0.0,0.0,0.0,0.0,0.0,0.0,0.0,,0.0,11.4921875,0.030463000000011675,-0.8474518650135757,0.0,0.0,,0.0,8.877952755905504,0.0,0.0,,,,0.0,0.0,8.25,0.0,0.0,-0.0,0.0,0.22666797780241404,-0.0,11.8828125,11.45,88.29653838994886,0.0,,1.0,0.0,0.0,0.0,26.84375,0.0,0.0,0.0,0.0,0.0,0.02045399999998665,1.0,,0.0,7.490952214260711,8.877952755905504,1.0,0.0,0.08456598682918406,0.0,-1.0,0.0,0.0,113.0,0.0,0.0,0.0,0.0,0.0,1.0,0.5171338319778442,0.0,0.0,0.0,29.0,1.0,0.0,0.0,0.0,0.0,0.0,0.0,0.0,0.0,
104.099175,0.0,0.0,359.5589180848863,0.0,0.0,0.0,,0.0,-1.0,0.0,359.4118862889531,0.0,-0.0,0.0,2.405970516645297,0.0,0.0,0.0,0.0,5803.41845703125,0.0,,,0.0,,0.0,0.0,76.4190576375,0.0,2.0,0.0,5805.57177734375,3.0,0.0,0.0,0.04900097846984863,0.0,0.0,0.0,0.0,0.0,0.0,0.0,,0.0,11.828125,0.027924999999996203,-0.8597695740412088,0.0,0.0,,0.0,8.897637795275582,0.0,0.0,,,,0.0,0.0,8.25,0.0,0.0,-0.0,0.0,0.22601982466444098,-0.0,12.0234375,11.75,92.4059705166453,0.0,,1.0,0.0,0.0,0.0,19.25,0.0,0.0,0.0,0.0,0.0,0.02076699999999221,1.0,,0.0,7.490952214260711,8.897637795275582,1.0,0.0,0.08491293015645154,0.0,-1.0,0.0,0.0,218.0,0.0,0.0,0.0,0.0,0.0,1.0,0.4727279245853424,0.0,0.0,0.0,25.0,1.0,0.0,0.0,0.0,0.0,0.0,0.0,0.0,0.0,
104.125736,0.0,0.0,358.91418211183736,0.0,0.0,0.0,,0.0,-1.0,0.0,358.34753830034373,0.0,-0.0,0.0,-2.202598161765806,0.0,0.0,0.0,0.0,5800.81201171875,0.0,,,0.0,,0.0,0.0,76.190175825,0.0,2.0,0.0,5803.41845703125,3.0,0.0,0.0,0.04900097846984863,0.0,0.0,0.0,0.0,0.0,0.0,0.0,,0.0,12.09375,0.026561000000000945,-0.8795361394042992,0.0,0.0,,0.0,8.897637795275582,0.0,0.0,,,,0.0,0.0,19.625,0.0,0.0,-0.0,0.0,0.22342131170961801,-0.0,12.765625,12.75,87.7974018382342,0.0,,1.0,0.0,0.0,0.0,11.0,0.0,0.0,0.0,0.0,0.0,0.023033999999995558,1.0,,0.0,7.490952214260711,8.897637795275582,1.0,0.0,0.08109883686751415,0.0,-1.0,0.0,0.0,323.0,0.0,0.0,0.0,0.03125,0.0,1.0,0.46510905027389526,0.0,0.0,0.0,30.0,1.0,0.0,0.0,0.0,0.0,0.0,0.0,0.0,0.0,
104.154782,0.0,0.0,358.8724942692934,0.0,0.0,0.0,,0.0,-1.0,0.0,358.8724942692934,0.0,-0.0,0.0,-0.9669255716442962,0.0,0.0,0.0,0.0,5799.3955078125,0.0,,,0.0,,0.0,0.0,72.711172275,0.0,2.0,0.0,5799.22509765625,3.0,0.0,0.0,0.04900097846984863,0.0,0.0,0.0,0.0,0.0,0.0,0.0,,0.0,11.7265625,0.02904599999999391,-0.8866049098235693,0.0,0.0,,0.0,8.956692913385819,0.0,0.0,,,,0.0,0.0,19.625,0.0,0.0,-0.0,0.0,0.2228261474239037,-0.0,12.3515625,11.850000000000001,89.0330744283557,0.0,,1.0,0.0,0.0,0.0,42.65625,0.0,0.0,0.0,0.0,0.0,0.02855499999999722,1.0,,0.0,7.490952214260711,8.956692913385819,1.0,0.0,0.08010039971930238,0.0,-1.0,0.0,0.0,71.0,0.0,0.0,0.0,0.0,0.0,1.0,0.5332947373390198,0.0,0.0,0.0,35.0,1.0,0.0,0.0,0.0,0.0,0.0,0.0,0.0,0.0,
104.187671,0.0,0.0,0.4834350766618431,0.0,0.0,0.0,,0.0,-1.0,0.0,0.9185550942479651,0.0,-0.0,0.0,-1.0850176194974068,0.0,0.0,0.0,0.0,5799.43310546875,0.0,,,0.0,,0.0,0.0,76.09862310000001,0.0,2.0,0.0,5799.3955078125,3.0,0.0,0.0,0.04900097846984863,0.0,0.0,0.0,0.0,0.0,0.0,0.0,,0.0,11.2109375,0.03288899999999728,-0.8601497814021694,0.0,0.0,93.7,0.0,8.976377952755897,0.0,0.0,,,,0.0,0.0,15.75,0.0,0.0,-0.0,0.0,0.22758546031767654,-0.0,11.4765625,11.05,88.9149823805026,0.0,67.21810741341992,1.0,0.0,0.0,0.0,37.375,0.0,0.0,0.0,0.0,0.0,0.027193000000011125,1.0,82.2,0.0,7.490952214260711,8.976377952755897,1.0,0.0,0.07437900437174381,0.0,-1.0,0.0,0.0,179.0,0.0,0.0,0.0,0.0,0.0,1.0,0.5056436657905579,0.0,0.0,0.0,35.0,1.0,0.0,0.0,0.0,0.0,0.0,0.0,0.0,0.0,
104.222097,0.0,0.0,0.477851303973681,0.0,0.0,0.0,,0.0,-1.0,0.0,0.09556919718556513,0.0,-0.0,0.0,3.1934492732833064,0.0,0.0,0.0,0.0,5795.91943359375,0.0,,,0.0,,0.0,0.0,77.19725580000001,0.0,2.0,0.0,5798.205078125,3.0,0.0,0.0,0.04900097846984863,0.0,0.0,0.0,0.0,0.0,0.0,0.0,,0.0,11.875,0.034426000000010504,-0.8299018171129531,0.0,0.0,,0.0,8.93700787401574,0.0,0.0,,,,0.0,0.0,15.75,0.0,0.0,-0.0,0.0,0.22687608537262158,-0.0,12.0703125,12.15,93.1934492732833,0.0,,1.0,0.0,0.0,0.0,17.46875,0.0,0.0,0.0,0.0,0.0,0.020094999999997754,1.0,,0.0,7.490952214260711,8.93700787401574,1.0,0.0,0.09011880110841304,0.0,-1.0,0.0,0.0,284.0,0.0,0.0,0.0,0.0,0.0,1.0,0.458881139755249,0.0,0.0,0.0,35.0,1.0,0.0,0.0,0.0,0.0,0.0,0.0,0.0,0.0,
104.248569,0.0,0.0,358.4962723040455,0.0,0.0,0.0,,0.0,-1.0,0.0,0.0,0.0,-0.0,0.0,0.20245774221820056,0.0,0.0,0.0,0.0,5793.25634765625,0.0,,,0.0,,0.0,0.0,77.10570307500001,0.0,2.0,0.0,5795.91943359375,3.0,0.0,0.0,0.04900097846984863,0.0,0.0,0.0,0.0,0.0,0.0,0.0,,0.0,11.3828125,0.026471999999998275,-0.8452071707799983,0.0,0.0,,0.0,8.93700787401574,0.0,0.0,,,,0.0,0.0,20.5,0.0,0.0,-0.0,0.0,0.22608553241779863,-0.0,12.5859375,12.55,90.2024577422182,0.0,,1.0,0.0,0.0,0.0,7.03125,0.0,0.0,0.0,0.0,0.0,0.024242000000000985,1.0,,0.0,7.490952214260711,8.93700787401574,1.0,0.0,0.06737075910210552,0.0,-1.0,0.0,0.0,203.0,0.0,0.0,0.0,0.0,0.0,1.0,0.526523768901825,0.0,0.0,0.0,40.0,1.0,0.0,0.0,0.0,0.0,0.0,0.0,0.0,0.0,
104.300285,0.0,0.0,359.7013279513288,0.0,0.0,0.0,,0.0,-1.0,0.0,359.9502214759025,0.0,-0.0,0.0,-3.5632680629061753,0.0,0.0,0.0,0.0,5793.36962890625,0.0,,,0.0,,0.0,0.0,77.2430321625,0.0,2.0,0.0,5791.55615234375,3.0,0.0,0.0,0.04900097846984863,0.0,0.0,0.0,0.0,0.0,0.0,0.0,,0.0,11.5078125,0.051715999999998985,-0.8810582300143546,0.0,0.0,,0.0,8.956692913385819,0.0,0.0,,,,0.0,0.0,20.5,0.0,0.0,-0.0,0.0,0.22576286264978898,-0.0,11.7890625,11.100000000000001,86.43673193709382,0.0,,1.0,0.0,0.0,0.0,23.375,0.0,0.0,0.0,0.0,0.0,0.020670999999993,1.0,,0.0,7.490952214260711,8.956692913385819,1.0,0.0,0.06630057988580051,0.0,-1.0,0.0,0.0,100.0,0.0,0.0,0.0,0.0,0.0,1.0,0.48197343945503235,0.0,0.0,0.0,30.0,1.0,0.0,0.0,0.0,0.0,0.0,0.0,0.0,0.0,
104.325015,0.0,0.0,359.76029150665374,0.0,0.0,0.0,,0.0,-1.0,0.0,0.7670875937378754,0.0,-0.0,0.0,0.0,0.0,0.0,0.0,0.0,5795.84423828125,0.0,,,0.0,,0.0,0.0,75.640859475,0.0,2.0,0.0,5793.36962890625,3.0,0.0,0.0,0.04900097846984863,0.0,0.0,0.0,0.0,0.0,0.0,0.0,,0.0,12.015625,0.024729999999991037,-0.8580280859912016,0.0,0.0,,0.0,8.937007874015741,0.0,0.0,,,,0.0,0.0,23.5,0.0,0.0,-0.0,0.0,0.22871845903562538,-0.0,12.1953125,12.200000000000001,90.0,0.0,,1.0,0.0,0.0,0.0,12.625,0.0,0.0,0.0,0.0,0.0,0.014566999999999553,1.0,,0.0,7.490952214260711,8.937007874015741,1.0,0.0,0.09944795474842852,0.0,-1.0,0.0,0.0,205.0,0.0,0.0,0.0,0.0,0.0,1.0,0.5070927739143372,0.0,0.0,0.0,35.0,1.0,0.0,0.0,0.0,0.0,0.0,0.0,0.0,0.0,
104.343502,0.0,0.0,0.43294986962370713,0.0,0.0,0.0,,0.0,-1.0,0.0,0.33673752145997854,0.0,-0.0,0.0,-6.277298489597541,0.0,0.0,0.0,0.0,5798.67724609375,0.0,,,0.0,,0.0,0.0,77.19725580000001,0.0,2.0,0.0,5795.84423828125,3.0,0.0,0.0,0.04900097846984863,0.0,0.0,0.0,0.0,0.0,0.0,0.0,,0.0,12.234375,0.01848700000000747,-0.8357799792058431,0.0,0.0,,0.0,8.917322834645663,0.0,0.0,,,,0.0,0.0,23.5,0.0,0.0,-0.0,0.0,0.22517105854722502,-0.0,12.359375,12.200000000000001,83.72270151040246,0.0,,1.0,0.0,0.0,0.0,7.8125,0.0,0.0,0.0,0.0,0.0,0.01415500000000236,1.0,,0.0,7.490952214260711,8.917322834645663,1.0,0.0,0.09850308314059748,0.0,-1.0,0.0,0.0,310.0,0.0,0.0,0.0,0.0,0.0,1.0,0.49624142050743103,0.0,0.0,0.0,40.0,1.0,0.0,0.0,0.0,0.0,0.0,0.0,0.0,0.0,
104.361469,0.0,0.0,358.3097144498518,0.0,0.0,0.0,,0.0,-1.0,0.0,357.5849415642083,0.0,-0.0,0.0,-5.850876332729271,0.0,0.0,0.0,0.0,5801.58642578125,0.0,,,0.0,,0.0,0.0,76.190175825,0.0,2.0,0.0,5798.67724609375,3.0,0.0,0.0,0.04900097846984863,0.0,0.0,0.0,0.0,0.0,0.0,0.0,,0.0,12.3203125,0.017966999999998734,-0.8418278304380078,0.0,0.0,,0.0,8.95669291338582,0.0,0.0,,,,0.0,0.0,23.5,0.0,0.0,-0.0,0.0,0.2237249380588246,-0.0,12.4453125,12.35,84.14912366727073,0.0,,1.0,0.0,0.0,0.0,5.0,0.0,0.0,0.0,0.0,0.0,0.01793100000000436,1.0,,0.0,7.490952214260711,8.95669291338582,1.0,0.0,0.07233189326957021,0.0,-1.0,0.0,0.0,98.0,0.0,0.0,0.0,0.0,0.0,1.0,0.5525118708610535,0.0,0.0,0.0,45.0,1.0,0.0,0.0,0.0,0.0,0.0,0.0,0.0,0.0,
104.383555,0.0,0.0,358.89421952910476,0.0,0.0,0.0,,0.0,-1.0,0.0,2.719228724394596,0.0,-0.0,0.0,-1.6706532713999565,0.0,0.0,0.0,0.0,5804.57080078125,0.0,,,0.0,,0.0,0.0,77.51769033749999,0.0,2.0,0.0,5801.58642578125,3.0,0.0,0.0,0.04900097846984863,0.0,0.0,0.0,0.0,0.0,0.0,0.0,,0.0,12.3671875,0.022086000000001604,-0.8613570015392931,0.0,0.0,,0.0,8.9763779527559,0.0,0.0,,,,0.0,0.0,7.5,0.0,0.0,-0.0,0.0,0.22902213426151077,-0.0,12.46875,12.4,88.32934672860004,0.0,,1.0,0.0,0.0,0.0,4.5625,0.0,0.0,0.0,0.0,0.0,0.01452399999999443,1.0,,0.0,7.490952214260711,8.9763779527559,1.0,0.0,0.08976265245915302,0.0,-1.0,0.0,0.0,100.0,0.0,0.0,0.0,0.0,0.0,1.0,0.4878734350204468,0.0,0.0,0.0,50.0,1.0,0.0,0.0,0.0,0.0,0.0,0.0,0.0,0.0,
104.402209,0.0,0.0,358.0438849130109,0.0,0.0,0.0,,0.0,-1.0,0.0,0.18192914517773154,0.0,-0.0,0.0,-1.5823539226186085,0.0,0.0,0.0,0.0,5807.630859375,0.0,,,0.0,,0.0,0.0,76.9683739875,0.0,2.0,0.0,5804.57080078125,3.0,0.0,0.0,0.04900097846984863,0.0,0.0,0.0,0.0,0.0,0.0,0.0,,0.0,12.40625,0.01865399999999795,-0.8771747535132305,0.0,0.0,,0.0,8.996062992125978,0.0,0.0,,,,0.0,0.0,7.5,0.0,0.0,-0.0,0.0,0.225263246422683,-0.0,12.5078125,12.5,88.41764607738139,0.0,,1.0,0.0,0.0,0.0,3.34375,0.0,0.0,0.0,0.0,0.0,0.025126000000000204,1.0,,0.0,7.490952214260711,8.996062992125978,1.0,0.0,0.1082772661390766,0.0,-1.0,0.0,0.0,205.0,0.0,0.0,0.0,0.0,0.0,1.0,0.4323499798774719,0.0,0.0,0.0,40.0,1.0,0.0,0.0,0.0,0.0,0.0,0.0,0.0,0.0,
104.434523,0.0,0.0,0.2973442248763438,0.0,0.0,0.0,,0.0,-1.0,0.0,0.8920647107585384,0.0,-0.0,0.0,0.8647762822909613,0.0,0.0,0.0,0.0,5813.6943359375,0.0,,,0.0,,0.0,0.0,77.1514794375,0.0,2.0,0.0,5807.630859375,3.0,0.0,0.0,0.04900097846984863,0.0,0.0,0.0,0.0,0.0,0.0,0.0,,0.0,12.4375,0.03231399999999951,-0.8710083657821182,0.0,0.0,,0.0,8.937007874015741,0.0,0.0,,,,0.0,0.0,7.5,0.0,0.0,-0.0,0.0,0.22527066412720076,-0.0,12.5234375,12.5,90.86477628229096,0.0,,1.0,0.0,0.0,0.0,3.0,0.0,0.0,0.0,0.0,0.0,0.02256699999999512,1.0,,0.0,7.490952214260711,8.937007874015741,1.0,0.0,0.09525186316667206,0.0,-1.0,0.0,0.0,310.0,0.0,0.0,0.0,0.0,0.0,1.0,0.6203356385231018,0.0,0.0,0.0,45.0,1.0,0.0,0.0,0.0,0.0,0.0,0.0,0.0,0.0,
104.463769,0.0,0.0,359.75773363517646,0.0,0.0,0.0,,0.0,-1.0,0.0,1.6476328865974528,0.0,-0.0,0.0,4.661873095238832,0.0,0.0,0.0,0.0,5816.77294921875,0.0,,,0.0,,0.0,0.0,77.1514794375,0.0,2.0,0.0,5813.6943359375,3.0,0.0,0.0,0.04900097846984863,0.0,0.0,0.0,0.0,0.0,0.0,0.0,,0.0,12.40625,0.02924600000000055,-0.8523908844967425,0.0,0.0,,0.0,8.897637795275584,0.0,0.0,,,,0.0,0.0,4.5,0.0,0.0,-0.0,0.0,0.2290410051406319,-0.0,12.4921875,12.5,94.66187309523883,0.0,,1.0,0.0,0.0,0.0,4.75,0.0,0.0,0.0,0.0,0.0,0.027512000000001535,1.0,,0.0,7.490952214260711,8.897637795275584,1.0,0.0,0.08318311317646533,0.0,-1.0,0.0,0.0,8.0,0.0,0.0,0.0,0.0,0.0,1.0,0.48825353384017944,0.0,0.0,0.0,50.0,1.0,0.0,0.0,0.0,0.0,0.0,0.0,0.0,0.0,
104.498346,0.0,0.0,359.80551099219684,0.0,0.0,0.0,,0.0,-1.0,0.0,358.5411781625242,0.0,-0.0,0.0,-4.969740728110295,0.0,0.0,0.0,0.0,5822.83642578125,0.0,,,0.0,,0.0,0.0,76.9683739875,0.0,2.0,0.0,5819.79541015625,3.0,0.0,0.0,0.04900097846984863,0.0,0.0,0.0,0.0,0.0,0.0,0.0,,0.0,12.4296875,0.03457699999999875,-0.8685877506953521,0.0,0.0,,0.0,8.937007874015741,0.0,0.0,,,,0.0,0.0,4.5,0.0,0.0,-0.0,0.0,0.22484182597091276,-0.0,12.5234375,12.55,85.0302592718897,0.0,,1.0,0.0,0.0,0.0,3.75,0.0,0.0,0.0,0.0,0.0,0.02572399999999675,1.0,,0.0,7.490952214260711,8.937007874015741,1.0,0.0,0.0887237307885726,0.0,-1.0,0.0,0.0,113.0,0.0,0.0,0.0,0.0,0.0,1.0,0.48395243287086487,0.0,0.0,0.0,40.0,1.0,0.0,0.0,0.0,0.0,0.0,0.0,0.0,0.0,
104.529922,0.0,0.0,358.8581176953598,0.0,0.0,0.0,,0.0,-1.0,0.0,358.8581176953598,0.0,-0.0,0.0,-4.08561677997487,0.0,0.0,0.0,0.0,5825.93408203125,0.0,,,0.0,,0.0,0.0,76.556386725,0.0,2.0,0.0,5825.93408203125,3.0,0.0,0.0,0.04900097846984863,0.0,0.0,0.0,0.0,0.0,0.0,0.0,,0.0,10.078125,0.03157600000000116,-0.8738105276514941,0.0,0.0,,0.0,8.976377952755898,0.0,0.0,,,,0.0,0.0,4.375,0.0,0.0,-0.0,0.0,0.22172145029325707,-0.0,12.53125,12.5,85.91438322002513,0.0,,1.0,0.0,0.0,0.0,3.09375,0.0,0.0,0.0,0.0,0.0,0.021462999999997123,1.0,,0.0,7.490952214260711,8.976377952755898,1.0,0.0,0.10184485953198677,0.0,-1.0,0.0,0.0,218.0,0.0,0.0,0.0,0.0,0.0,1.0,0.5030600428581238,0.0,0.0,0.0,45.0,1.0,0.0,0.0,0.0,0.0,0.0,0.0,0.0,0.0,
104.559156,0.0,0.0,359.35701164868925,0.0,0.0,0.0,,0.0,-1.0,0.0,1.4344781948531518,0.0,-0.0,0.0,2.029316429343197,0.0,0.0,0.0,0.0,5830.39208984375,0.0,,,0.0,,0.0,0.0,77.288808525,0.0,2.0,0.0,5828.97509765625,3.0,0.0,0.0,0.04900097846984863,0.0,0.0,0.0,0.0,0.0,0.0,0.0,,0.0,8.96875,0.029234000000002425,-0.8598217548492189,0.0,0.0,,0.0,8.996062992125978,0.0,0.0,,,,0.0,0.0,44.25,0.0,0.0,-0.0,0.0,0.2293039179245147,-0.0,9.859375,9.95,92.0293164293432,0.0,,1.0,0.0,0.0,0.0,103.15625,0.0,0.0,0.0,0.0,0.0,0.03164900000000159,1.0,,0.0,7.490952214260711,8.996062992125978,1.0,0.0,0.1024108250311832,0.0,-1.0,0.0,0.0,323.0,0.0,0.0,0.0,0.0,0.0,1.0,0.49462366104125977,0.0,0.0,0.0,50.0,1.0,0.0,0.0,0.0,0.0,0.0,0.0,0.0,0.0,
104.599048,0.0,0.0,359.1627190937133,0.0,0.0,0.0,,0.0,-1.0,0.0,3.7703501458061304,0.0,-0.0,0.0,2.804082995122286,0.0,0.0,0.0,0.0,5828.97509765625,0.0,,,0.0,,0.0,0.0,77.1514794375,0.0,2.0,0.0,5829.2587890625,3.0,0.0,0.0,0.04900097846984863,0.0,0.0,0.0,0.0,0.0,0.0,0.0,,0.0,9.9921875,0.03989199999999471,-0.8596133706437487,0.0,0.0,,0.0,8.937007874015741,0.0,0.0,,,,0.0,0.0,44.25,0.0,0.0,-0.0,0.0,0.23323700283293966,-0.0,10.640625,10.600000000000001,92.80408299512229,0.0,,1.0,0.0,0.0,0.0,63.84375,0.0,0.0,0.0,0.0,0.0,0.023923000000010575,1.0,,0.0,7.490952214260711,8.937007874015741,1.0,0.0,0.1121047681599628,0.0,-1.0,0.0,0.0,103.0,0.0,0.0,0.0,0.0,0.0,1.0,0.48558956384658813,0.0,0.0,0.0,30.0,1.0,0.0,0.0,0.0,0.0,0.0,0.0,0.0,0.0,
104.629194,0.0,0.0,359.359243622313,0.0,0.0,0.0,,0.0,-1.0,0.0,357.1894615788842,0.0,-0.0,0.0,-4.053554231831399,0.0,0.0,0.0,0.0,5830.61865234375,0.0,,,0.0,,0.0,0.0,76.922597625,0.0,2.0,0.0,5828.97509765625,3.0,0.0,0.0,0.04900097846984863,0.0,0.0,0.0,0.0,0.0,0.0,0.0,,0.0,8.890625,0.030146000000002005,-0.8784406637055968,0.0,0.0,,0.0,8.976377952755898,0.0,0.0,,,,0.0,0.0,67.5,0.0,0.0,-0.0,0.0,0.22284003395626079,-0.0,8.84375,8.7,85.9464457681686,0.0,,1.0,0.0,0.0,0.0,22.1875,0.0,0.0,0.0,0.0,0.0,0.022656999999995264,1.0,,0.0,7.490952214260711,8.976377952755898,1.0,0.0,0.06504309489377885,0.0,-1.0,0.0,0.0,208.0,0.0,0.0,0.0,0.0,0.0,1.0,0.49930301308631897,0.0,0.0,0.0,35.0,1.0,0.0,0.0,0.0,0.0,0.0,0.0,0.0,0.0,
104.659492,0.0,0.0,358.94566115341155,0.0,0.0,0.0,,0.0,-1.0,0.0,2.780554814558827,0.0,-0.0,0.0,-0.509282404977526,0.0,0.0,0.0,0.0,5831.99755859375,0.0,,,0.0,,0.0,0.0,77.19725580000001,0.0,2.0,0.0,5831.39306640625,3.0,0.0,0.0,0.04900097846984863,0.0,0.0,0.0,0.0,0.0,0.0,0.0,,0.0,10.6953125,0.030298000000001934,-0.8647511460934414,0.0,0.0,,0.0,9.015748031496056,0.0,0.0,,,,0.0,0.0,67.5,0.0,0.0,-0.0,0.0,0.22934313478654175,-0.0,11.140625,9.15,89.49071759502247,0.0,,1.0,0.0,0.0,0.0,43.8125,0.0,0.0,0.0,0.0,0.0,0.02227999999999497,1.0,,0.0,7.490952214260711,9.015748031496056,1.0,0.0,0.10989835766780526,0.0,-1.0,0.0,0.0,313.0,0.0,0.0,0.0,0.0,0.0,1.0,0.4933440089225769,0.0,0.0,0.0,40.0,1.0,0.0,0.0,0.0,0.0,0.0,0.0,0.0,0.0,
104.692685,0.0,0.0,358.7719937369806,0.0,0.0,0.0,,0.0,-1.0,0.0,357.7797569273469,0.0,-0.0,0.0,-3.094058058917099,0.0,0.0,0.0,0.0,5834.86865234375,0.0,,,0.0,,0.0,0.0,76.0528467375,0.0,2.0,0.0,5831.99755859375,3.0,0.0,0.0,0.04900097846984863,0.0,0.0,0.0,0.0,0.0,0.0,0.0,,0.0,9.8984375,0.03319299999999714,-0.8492984956997145,0.0,0.0,,0.0,8.976377952755898,0.0,0.0,,,,0.0,0.0,54.5,0.0,0.0,-0.0,0.0,0.21710044645931345,-0.0,9.8828125,10.65,86.9059419410829,0.0,,1.0,0.0,0.0,0.0,20.125,0.0,0.0,0.0,0.0,0.0,0.02525300000000641,1.0,,0.0,7.490952214260711,8.976377952755898,1.0,0.0,0.06537599485525201,0.0,-1.0,0.0,0.0,100.0,0.0,0.0,0.0,0.0,0.0,1.0,0.5403155088424683,0.0,0.0,0.0,30.0,1.0,0.0,0.0,0.0,0.0,0.0,0.0,0.0,0.0,
104.723997,0.0,0.0,358.6315680312493,0.0,0.0,0.0,,0.0,-1.0,0.0,2.312586058052476,0.0,-0.0,0.0,-0.6740368979845073,0.0,0.0,0.0,0.0,5835.54833984375,0.0,,,0.0,,0.0,0.0,76.8310449,0.0,2.0,0.0,5834.86865234375,3.0,0.0,0.0,0.04900097846984863,0.0,0.0,0.0,0.0,0.0,0.0,0.0,,0.0,10.7109375,0.031311999999999784,-0.8753298681186623,0.0,0.0,,0.0,8.917322834645663,0.0,0.0,,,,0.0,0.0,54.5,0.0,0.0,-0.0,0.0,0.2264245701955773,-0.0,11.1484375,11.05,89.32596310201549,0.0,,1.0,0.0,0.0,0.0,43.75,0.0,0.0,0.0,0.0,0.0,0.02181799999999612,1.0,,0.0,7.490952214260711,8.917322834645663,1.0,0.0,0.09045832927101878,0.0,-1.0,0.0,0.0,205.0,0.0,0.0,0.0,0.0,0.0,1.0,0.4448701739311218,0.0,0.0,0.0,35.0,1.0,0.0,0.0,0.0,0.0,0.0,0.0,0.0,0.0,
104.751842,0.0,0.0,358.65590534187515,0.0,0.0,0.0,,0.0,-1.0,0.0,356.39770402404105,0.0,-0.0,0.0,-1.1411992555871393,0.0,0.0,0.0,0.0,5837.55078125,0.0,,,0.0,,0.0,0.0,76.64793945,0.0,2.0,0.0,5837.55078125,3.0,0.0,0.0,0.04900097846984863,0.0,0.0,0.0,0.0,0.0,0.0,0.0,,0.0,11.7578125,0.02784499999999923,-0.9115299956454842,0.0,0.0,,0.0,8.799212598425191,0.0,0.0,,,,0.0,0.0,54.5,0.0,0.0,-0.0,0.0,0.2147049779733551,-0.0,11.7265625,11.75,88.85880074441286,0.0,,1.0,0.0,0.0,0.0,18.875,0.0,0.0,0.0,0.0,0.0,0.020306000000005042,1.0,,0.0,7.490952214260711,8.799212598425191,1.0,0.0,0.08372016867383755,0.0,-1.0,0.0,0.0,310.0,0.0,0.0,0.0,0.0,0.0,1.0,0.5368282794952393,0.0,0.0,0.0,40.0,1.0,0.0,0.0,0.0,0.0,0.0,0.0,0.0,0.0,
104.780493,0.0,0.0,0.813581537858459,0.0,0.0,0.0,,0.0,-1.0,0.0,2.4893017823113683,0.0,-0.0,0.0,-5.549779423218737,0.0,0.0,0.0,0.0,5837.90966796875,0.0,,,0.0,,0.0,0.0,76.6937158125,0.0,2.0,0.0,5838.60888671875,3.0,0.0,0.0,0.04900097846984863,0.0,0.0,0.0,0.0,0.0,0.0,0.0,,0.0,10.65625,0.02865100000001064,-0.8835303232541206,0.0,0.0,,0.0,8.838582677165348,0.0,0.0,,,,0.0,0.0,31.625,0.0,0.0,-0.0,0.0,0.2285717750917923,-0.0,11.1015625,10.8,84.45022057678126,0.0,,1.0,0.0,0.0,0.0,48.5625,0.0,0.0,0.0,0.0,0.0,0.018078999999985967,1.0,,0.0,7.490952214260711,8.838582677165348,1.0,0.0,0.06993204529122961,0.0,-1.0,0.0,0.0,5.0,0.0,0.0,0.0,0.0,0.0,1.0,0.43424052000045776,0.0,0.0,0.0,45.0,1.0,0.0,0.0,0.0,0.0,0.0,0.0,0.0,0.0,
104.808617,0.0,0.0,359.80744269108095,0.0,0.0,0.0,,0.0,-1.0,0.0,358.94087684808164,0.0,-0.0,0.0,0.0,0.0,0.0,0.0,0.0,5835.92626953125,0.0,,,0.0,,0.0,0.0,75.91551765,0.0,2.0,0.0,5837.90966796875,3.0,0.0,0.0,0.04900097846984863,0.0,0.0,0.0,0.0,0.0,0.0,0.0,,0.0,11.53125,0.028123999999991156,-0.8682454240820526,0.0,0.0,,0.0,8.917322834645663,0.0,0.0,,,,0.0,0.0,31.625,0.0,0.0,-0.0,0.0,0.2214911393775067,-0.0,11.8359375,11.8,90.0,0.0,,1.0,0.0,0.0,0.0,18.15625,0.0,0.0,0.0,0.0,0.0,0.022840000000002192,1.0,,0.0,7.490952214260711,8.917322834645663,1.0,0.0,0.10842085423518982,0.0,-1.0,0.0,0.0,110.0,0.0,0.0,0.0,0.0,0.0,1.0,0.5526509881019592,0.0,0.0,0.0,35.0,1.0,0.0,0.0,0.0,0.0,0.0,0.0,0.0,0.0,
104.838748,0.0,0.0,358.8909773051592,0.0,0.0,0.0,,0.0,-1.0,0.0,0.7714691285418545,0.0,-0.0,0.0,-2.3859440303888135,0.0,0.0,0.0,0.0,5831.6953125,0.0,,,0.0,,0.0,0.0,76.6021630875,0.0,2.0,0.0,5833.33837890625,3.0,0.0,0.0,0.04900097846984863,0.0,0.0,0.0,0.0,0.0,0.0,0.0,,0.0,12.390625,0.030130999999997243,-0.8834621904730882,0.0,0.0,,0.0,8.917322834645663,0.0,0.0,,,,0.0,0.0,23.875,0.0,0.0,-0.0,0.0,0.2238761031137705,-0.0,12.5078125,12.35,87.61405596961119,0.0,,1.0,0.0,0.0,0.0,33.875,0.0,0.0,0.0,0.0,0.0,0.020482999999998697,1.0,,0.0,7.490952214260711,8.917322834645663,1.0,0.0,0.07429542412468332,0.0,-1.0,0.0,0.0,215.0,0.0,0.0,0.0,0.0,0.0,1.0,0.4755893051624298,0.0,0.0,0.0,40.0,1.0,0.0,0.0,0.0,0.0,0.0,0.0,0.0,0.0,
104.864937,0.0,0.0,359.4173644477421,0.0,0.0,0.0,,0.0,-1.0,0.0,359.6115799901897,0.0,-0.0,0.0,-0.24175290926810078,0.0,0.0,0.0,0.0,5831.46826171875,0.0,,,0.0,,0.0,0.0,77.288808525,0.0,2.0,0.0,5831.6953125,3.0,0.0,0.0,0.04900097846984863,0.0,0.0,0.0,0.0,0.0,0.0,0.0,,0.0,12.1875,0.02618900000000224,-0.8889898134469667,0.0,0.0,,0.0,8.95669291338582,0.0,0.0,,,,0.0,0.0,23.875,0.0,0.0,-0.0,0.0,0.223280633467861,-0.0,12.1953125,12.4,89.7582470907319,0.0,,1.0,0.0,0.0,0.0,29.25,0.0,0.0,0.0,0.0,0.0,0.020655000000004975,1.0,,0.0,7.490952214260711,8.95669291338582,1.0,0.0,0.1008961695210604,0.0,-1.0,0.0,0.0,320.0,0.0,0.0,0.0,0.0,0.0,1.0,0.5303778052330017,0.0,0.0,0.0,45.0,1.0,0.0,0.0,0.0,0.0,0.0,0.0,0.0,0.0,
104.891976,0.0,0.0,0.19655067675896473,0.0,0.0,0.0,,0.0,-1.0,0.0,359.6560348420286,0.0,-0.0,0.0,-1.9414863909143776,0.0,0.0,0.0,0.0,5832.48828125,0.0,,,0.0,,0.0,0.0,76.9683739875,0.0,2.0,0.0,5832.091796875,3.0,0.0,0.0,0.04900097846984863,0.0,0.0,0.0,0.0,0.0,0.0,0.0,,0.0,12.28125,0.027039000000002034,-0.8630934392351725,0.0,0.0,,0.0,8.917322834645663,0.0,0.0,,,,0.0,0.0,5.75,0.0,0.0,-0.0,0.0,0.223112335397043,-0.0,12.28125,12.3,88.05851360908562,0.0,,1.0,0.0,0.0,0.0,27.40625,0.0,0.0,0.0,0.0,0.0,0.035902000000007206,1.0,,0.0,7.490952214260711,8.917322834645663,1.0,0.0,0.08544563741033752,0.0,-1.0,0.0,0.0,71.0,0.0,0.0,0.0,0.0,0.0,1.0,0.46517735719680786,0.0,0.0,0.0,35.0,1.0,0.0,0.0,0.0,0.0,0.0,0.0,0.0,0.0,
104.934128,0.0,0.0,358.15544897723134,0.0,0.0,0.0,,0.0,-1.0,0.0,0.18915237797941772,0.0,-0.0,0.0,-1.5911402711945755,0.0,0.0,0.0,0.0,5830.7509765625,0.0,,,0.0,,0.0,0.0,77.19725580000001,0.0,2.0,0.0,5832.05419921875,3.0,0.0,0.0,0.04900097846984863,0.0,0.0,0.0,0.0,0.0,0.0,0.0,,0.0,11.375,0.04215200000000152,-0.8707105493891881,0.0,0.0,,0.0,8.858267716535426,0.0,0.0,,,,0.0,0.0,5.75,0.0,0.0,-0.0,0.0,0.22585583641047408,-0.0,11.3671875,11.850000000000001,88.40885972880542,0.0,,1.0,0.0,0.0,0.0,28.53125,0.0,0.0,0.0,0.0,0.0,0.021471000000005347,1.0,,0.0,7.490952214260711,8.858267716535426,1.0,0.0,0.0935620905897013,0.0,-1.0,0.0,0.0,176.0,0.0,0.0,0.0,0.0,0.0,1.0,0.5200130939483643,0.0,0.0,0.0,40.0,1.0,0.0,0.0,0.0,0.0,0.0,0.0,0.0,0.0,
104.963931,0.0,0.0,358.5551492055683,0.0,0.0,0.0,,0.0,-1.0,0.0,0.512641465956271,0.0,-0.0,0.0,0.9240453527727226,0.0,0.0,0.0,0.0,5828.67333984375,0.0,,,0.0,,0.0,0.0,76.922597625,0.0,2.0,0.0,5830.7509765625,3.0,0.0,0.0,0.04900097846984863,0.0,0.0,0.0,0.0,0.0,0.0,0.0,,0.0,11.7265625,0.029803000000001134,-0.9031395421165415,0.0,0.0,,0.0,8.858267716535426,0.0,0.0,,,,0.0,0.0,17.625,0.0,0.0,-0.0,0.0,0.2229643568378245,-0.0,11.9375,11.95,90.92404535277272,0.0,,1.0,0.0,0.0,0.0,17.0625,0.0,0.0,0.0,0.0,0.0,0.021079999999997767,1.0,,0.0,7.490952214260711,8.858267716535426,1.0,0.0,0.09140789493839863,0.0,-1.0,0.0,0.0,281.0,0.0,0.0,0.0,0.0,0.0,1.0,0.5047231912612915,0.0,0.0,0.0,45.0,1.0,0.0,0.0,0.0,0.0,0.0,0.0,0.0,0.0,
104.991892,0.0,0.0,359.31109393860845,0.0,0.0,0.0,,0.0,-1.0,0.0,1.328691463181821,0.0,-0.0,0.0,-4.174769891912433,0.0,0.0,0.0,0.0,5826.06640625,0.0,,,0.0,,0.0,0.0,76.7852685375,0.0,2.0,0.0,5826.06640625,3.0,0.0,0.0,0.04900097846984863,0.0,0.0,0.0,0.0,0.0,0.0,0.0,,0.0,11.9140625,0.027961000000004788,-0.9265505346037387,0.0,0.0,,0.0,8.917322834645663,0.0,0.0,,,,0.0,0.0,17.625,0.0,0.0,-0.0,0.0,0.22463296792451556,-0.0,12.6484375,12.1,85.82523010808757,0.0,,1.0,0.0,0.0,0.0,9.46875,0.0,0.0,0.0,0.0,0.0,0.024078999999986195,1.0,,0.0,7.490952214260711,8.917322834645663,1.0,0.0,0.08936868665089862,0.0,-1.0,0.0,0.0,278.0,0.0,0.0,0.0,0.0,0.0,1.0,0.5257665514945984,0.0,0.0,0.0,35.0,1.0,0.0,0.0,0.0,0.0,0.0,0.0,0.0,0.0,
105.024377,0.0,0.0,359.95285370175463,0.0,0.0,0.0,,0.0,-1.0,0.0,358.7741049083914,0.0,-0.0,0.0,-4.781670569776551,0.0,0.0,0.0,0.0,5823.32763671875,0.0,,,0.0,,0.0,0.0,78.753652125,0.0,2.0,0.0,5824.47998046875,3.0,0.0,0.0,0.04900097846984863,0.0,0.0,0.0,0.0,0.0,0.0,0.0,,0.0,11.0390625,0.0324849999999941,-0.9134035734253847,0.0,0.0,,0.0,8.996062992125978,0.0,0.0,,,,0.0,0.0,22.125,0.0,0.0,-0.0,0.0,0.22185518232011994,-0.0,11.34375,11.0,85.21832943022345,0.0,,1.0,0.0,0.0,0.0,39.28125,0.0,0.0,0.0,0.0,0.0,0.020814999999998918,1.0,,0.0,7.490952214260711,8.996062992125978,1.0,0.0,0.07827617177136367,0.0,-1.0,0.0,0.0,100.0,0.0,0.0,0.0,0.0,0.0,1.0,0.45700106024742126,0.0,0.0,0.0,35.0,1.0,0.0,0.0,0.0,0.0,0.0,0.0,0.0,0.0,
105.051327,0.0,0.0,0.2473009688390064,0.0,0.0,0.0,,0.0,-1.0,0.0,1.5334443054516331,0.0,-0.0,0.0,0.23196545129820834,0.0,0.0,0.0,0.0,5821.1552734375,0.0,,,0.0,,0.0,0.0,77.10570307500001,0.0,2.0,0.0,5821.1552734375,3.0,0.0,0.0,0.04900097846984863,0.0,0.0,0.0,0.0,0.0,0.0,0.0,,0.0,11.1875,0.026949999999999363,-0.8852408152675177,0.0,0.0,,0.0,8.996062992125978,0.0,0.0,,,,0.0,0.0,22.125,0.0,0.0,-0.0,0.0,0.22736346256432025,-0.0,12.0703125,11.9,90.23196545129821,0.0,,1.0,0.0,0.0,0.0,17.125,0.0,0.0,0.0,0.0,0.0,0.015744999999995457,1.0,,0.0,7.490952214260711,8.996062992125978,1.0,0.0,0.09715762488362448,0.0,-1.0,0.0,0.0,205.0,0.0,0.0,0.0,0.0,0.0,1.0,0.5037802457809448,0.0,0.0,0.0,40.0,1.0,0.0,0.0,0.0,0.0,0.0,0.0,0.0,0.0,
105.070694,0.0,0.0,0.09633459720575341,0.0,0.0,0.0,,0.0,-1.0,0.0,358.31390191001293,0.0,-0.0,0.0,0.43241276753769853,0.0,0.0,0.0,0.0,5819.70068359375,0.0,,,0.0,,0.0,0.0,77.2430321625,0.0,2.0,0.0,5819.70068359375,3.0,0.0,0.0,0.04900097846984863,0.0,0.0,0.0,0.0,0.0,0.0,0.0,,0.0,11.1875,0.019367000000002577,-0.88088772951553,0.0,0.0,,0.0,8.9763779527559,0.0,0.0,,,,0.0,0.0,22.125,0.0,0.0,-0.0,0.0,0.21658433876700647,-0.0,10.7421875,11.100000000000001,90.4324127675377,0.0,,1.0,0.0,0.0,0.0,63.90625,0.0,0.0,0.0,0.0,0.0,0.014478999999994357,1.0,,0.0,7.490952214260711,8.9763779527559,1.0,0.0,0.09721661396060545,0.0,-1.0,0.0,0.0,310.0,0.0,0.0,0.0,0.0,0.0,1.0,0.5890888571739197,0.0,0.0,0.0,45.0,1.0,0.0,0.0,0.0,0.0,0.0,0.0,0.0,0.0,
105.088884,0.0,0.0,359.3825861050504,0.0,0.0,0.0,,0.0,-1.0,0.0,358.622586163531,0.0,-0.0,0.0,-1.5786179722981188,0.0,0.0,0.0,0.0,5818.5673828125,0.0,,,0.0,,0.0,0.0,77.10570307500001,0.0,2.0,0.0,5818.5673828125,3.0,0.0,0.0,0.04900097846984863,0.0,0.0,0.0,0.0,0.0,0.0,0.0,,0.0,11.1328125,0.018189999999989936,-0.8775433508442966,0.0,0.0,,0.0,8.956692913385822,0.0,0.0,,,,0.0,0.0,22.125,0.0,0.0,-0.0,0.0,0.22215812761926534,-0.0,11.4140625,11.100000000000001,88.42138202770188,0.0,,1.0,0.0,0.0,0.0,32.125,0.0,0.0,0.0,0.0,0.0,0.014035000000006903,1.0,,0.0,7.490952214260711,8.956692913385822,1.0,0.0,0.06706645572102099,0.0,-1.0,0.0,0.0,415.0,0.0,0.0,0.0,0.0,0.0,1.0,0.4900936782360077,0.0,0.0,0.0,50.0,1.0,0.0,0.0,0.0,0.0,0.0,0.0,0.0,0.0,
105.106637,0.0,0.0,359.02077294328524,0.0,0.0,0.0,,0.0,-1.0,0.0,2.9388263645429236,0.0,-0.0,0.0,3.5632680629061895,0.0,0.0,0.0,0.0,5816.37646484375,0.0,,,0.0,,0.0,0.0,77.2430321625,0.0,2.0,0.0,5816.37646484375,3.0,0.0,0.0,0.04900097846984863,0.0,0.0,0.0,0.0,0.0,0.0,0.0,,0.0,12.078125,0.01775300000001323,-0.873692155015487,0.0,0.0,,0.0,8.917322834645665,0.0,0.0,,,,0.0,0.0,30.5,0.0,0.0,-0.0,0.0,0.22809440400510178,-0.0,11.9765625,12.1,93.56326806290619,0.0,,1.0,0.0,0.0,0.0,13.6875,0.0,0.0,0.0,0.0,0.0,0.026517999999995823,1.0,,0.0,7.490952214260711,8.917322834645665,1.0,0.0,0.09738167644255023,0.0,-1.0,0.0,0.0,37.0,0.0,0.0,0.0,0.0,0.0,1.0,0.5589866638183594,0.0,0.0,0.0,40.0,1.0,0.0,0.0,0.0,0.0,0.0,0.0,0.0,0.0,
105.13748,0.0,0.0,359.10892272103155,0.0,0.0,0.0,,0.0,-1.0,0.0,358.2176299064616,0.0,-0.0,0.0,-3.660398547875431,0.0,0.0,0.0,0.0,5810.841796875,0.0,,,0.0,,0.0,0.0,77.1514794375,0.0,2.0,0.0,5813.6943359375,3.0,0.0,0.0,0.04900097846984863,0.0,0.0,0.0,0.0,0.0,0.0,0.0,,0.0,12.1953125,0.030842999999990184,-0.899602232111416,0.0,0.0,,0.0,8.877952755905508,0.0,0.0,,,,0.0,0.0,30.5,0.0,0.0,-0.0,0.0,0.22026428424930203,-0.0,12.3046875,12.1,86.33960145212457,0.0,,1.0,0.0,0.0,0.0,5.40625,0.0,0.0,0.0,0.0,0.0,0.013719000000008919,1.0,,0.0,7.490952214260711,8.877952755905508,1.0,0.0,0.0835018666858213,0.0,-1.0,0.0,0.0,142.0,0.0,0.0,0.0,0.0,0.0,1.0,0.4848298728466034,0.0,0.0,0.0,45.0,1.0,0.0,0.0,0.0,0.0,0.0,0.0,0.0,0.0,
105.155054,0.0,0.0,357.9786378303662,0.0,0.0,0.0,,0.0,-1.0,0.0,359.903764500984,0.0,-0.0,0.0,-6.67988606322254,0.0,0.0,0.0,0.0,5807.8955078125,0.0,,,0.0,,0.0,0.0,77.1514794375,0.0,2.0,0.0,5810.841796875,3.0,0.0,0.0,0.04900097846984863,0.0,0.0,0.0,0.0,0.0,0.0,0.0,,0.0,10.1015625,0.017574000000010415,-0.9162395524798103,0.0,0.0,,0.0,8.897637795275585,0.0,0.0,,,,0.0,0.0,11.625,0.0,0.0,-0.0,0.0,0.2242420404519882,-0.0,9.0,12.3,83.32011393677746,0.0,,1.0,0.0,0.0,0.0,5.40625,0.0,0.0,0.0,0.0,0.0,0.026060999999998558,1.0,,0.0,7.490952214260711,8.897637795275585,1.0,0.0,0.06952368193745774,0.0,-1.0,0.0,0.0,247.0,0.0,0.0,0.0,0.0,0.0,1.0,0.45407605171203613,0.0,0.0,0.0,50.0,1.0,0.0,0.0,0.0,0.0,0.0,0.0,0.0,0.0,
105.186907,0.0,0.0,359.9521366033071,0.0,0.0,0.0,,0.0,-1.0,0.0,0.6222352471341448,0.0,-0.0,0.0,3.6084688525663466,0.0,0.0,0.0,0.0,5806.49755859375,0.0,,,0.0,,0.0,0.0,77.1514794375,0.0,2.0,0.0,5807.8955078125,3.0,0.0,0.0,0.04900097846984863,0.0,0.0,0.0,0.0,0.0,0.0,0.0,,0.0,9.1796875,0.03185299999999813,-0.920272530121364,0.0,0.0,93.8,0.0,8.9763779527559,0.0,0.0,,,,0.0,0.0,11.625,0.0,0.0,-0.0,0.0,0.22312521484759265,-0.0,9.71875,9.15,93.60846885256635,0.0,54.32418492965368,1.0,0.0,0.0,0.0,97.59375,0.0,0.0,0.0,0.0,0.0,0.023027999999996496,1.0,83.0,0.0,7.490952214260711,8.9763779527559,1.0,0.0,0.10256411311142047,0.0,-1.0,0.0,0.0,355.0,0.0,0.0,0.0,0.0,0.0,1.0,0.41111642122268677,0.0,0.0,0.0,55.0,1.0,0.0,0.0,0.0,0.0,0.0,0.0,0.0,0.0,
105.219059,0.0,0.0,0.6983699207706093,0.0,0.0,0.0,,0.0,-1.0,0.0,1.7461518603795698,0.0,-0.0,0.0,1.3426240265377771,0.0,0.0,0.0,0.0,5805.15625,0.0,,,0.0,,0.0,0.0,77.2430321625,0.0,2.0,0.0,5805.552734375,3.0,0.0,0.0,0.04900097846984863,0.0,0.0,0.0,0.0,0.0,0.0,0.0,,0.0,9.953125,0.032151999999996406,-0.8897352825049446,0.0,0.0,,0.0,8.9763779527559,0.0,0.0,,,,0.0,0.0,64.375,0.0,0.0,-0.0,0.0,0.22611378593428386,-0.0,10.6171875,9.350000000000001,91.34262402653778,0.0,,1.0,0.0,0.0,0.0,66.0625,0.0,0.0,0.0,0.0,0.0,0.02403900000000192,1.0,,0.0,7.490952214260711,8.9763779527559,1.0,0.0,0.06793869169090318,0.0,-1.0,0.0,0.0,37.0,0.0,0.0,0.0,0.0,0.0,1.0,0.5095515251159668,0.0,0.0,0.0,45.0,1.0,0.0,0.0,0.0,0.0,0.0,0.0,0.0,0.0,
105.24896,0.0,0.0,358.1380504950277,0.0,0.0,0.0,,0.0,-1.0,0.0,356.71586887449246,0.0,-0.0,0.0,-0.25351949377201777,0.0,0.0,0.0,0.0,5806.818359375,0.0,,,0.0,,0.0,0.0,76.6021630875,0.0,2.0,0.0,5805.15625,3.0,0.0,0.0,0.04900097846984863,0.0,0.0,0.0,0.0,0.0,0.0,0.0,,0.0,10.8359375,0.029900999999995292,-0.9016676765933567,0.0,0.0,,0.0,8.956692913385822,0.0,0.0,,,,0.0,0.0,64.375,0.0,0.0,-0.0,0.0,0.21727264014673806,-0.0,10.0,10.2,89.74648050622798,0.0,,1.0,0.0,0.0,0.0,22.34375,0.0,0.0,0.0,0.0,0.0,0.021864000000007877,1.0,,0.0,7.490952214260711,8.956692913385822,1.0,0.0,0.07371540174010173,0.0,-1.0,0.0,0.0,142.0,0.0,0.0,0.0,0.0,0.0,1.0,0.5545819997787476,0.0,0.0,0.0,50.0,1.0,0.0,0.0,0.0,0.0,0.0,0.0,0.0,0.0,
105.277938,0.0,0.0,359.4277952285351,0.0,0.0,0.0,,0.0,-1.0,0.0,1.7168424394967534,0.0,-0.0,0.0,0.0,0.0,0.0,0.0,0.0,5808.04638671875,0.0,,,0.0,,0.0,0.0,77.288808525,0.0,2.0,0.0,5807.57421875,3.0,0.0,0.0,0.04900097846984863,0.0,0.0,0.0,0.0,0.0,0.0,0.0,,0.0,10.6640625,0.028978000000009274,-0.9097015951019065,0.0,0.0,,0.0,8.956692913385822,0.0,0.0,,,,0.0,0.0,48.5,0.0,0.0,-0.0,0.0,0.22273700388300177,-0.0,11.171875,10.350000000000001,90.0,0.0,,1.0,0.0,0.0,0.0,47.46875,0.0,0.0,0.0,0.0,0.0,0.022456999999988625,1.0,,0.0,7.490952214260711,8.956692913385822,1.0,0.0,0.07985809014273407,0.0,-1.0,0.0,0.0,247.0,0.0,0.0,0.0,0.0,0.0,1.0,0.459641695022583,0.0,0.0,0.0,55.0,1.0,0.0,0.0,0.0,0.0,0.0,0.0,0.0,0.0,
105.334076,0.0,0.0,358.94108615227975,0.0,0.0,0.0,,0.0,-1.0,0.0,1.1551911555504957,0.0,-0.0,0.0,-1.1457628381751022,0.0,0.0,0.0,0.0,5811.2197265625,0.0,,,0.0,,0.0,0.0,77.10570307500001,0.0,2.0,0.0,5808.04638671875,3.0,0.0,0.0,0.04900097846984863,0.0,0.0,0.0,0.0,0.0,0.0,0.0,,0.0,11.9296875,0.05613799999999003,-0.8990929146939537,0.0,0.0,,0.0,8.937007874015745,0.0,0.0,,,,0.0,0.0,15.875,0.0,0.0,-0.0,0.0,0.22180290844954642,-0.0,12.3984375,12.200000000000001,88.8542371618249,0.0,,1.0,0.0,0.0,0.0,32.9375,0.0,0.0,0.0,0.0,0.0,0.019951000000006047,1.0,,0.0,7.490952214260711,8.937007874015745,1.0,0.0,0.06860835479580268,0.0,-1.0,0.0,0.0,100.0,0.0,0.0,0.0,0.0,0.0,1.0,0.4848938286304474,0.0,0.0,0.0,35.0,1.0,0.0,0.0,0.0,0.0,0.0,0.0,0.0,0.0,
105.361769,0.0,0.0,358.5377515615,0.0,0.0,0.0,,0.0,-1.0,0.0,358.83024695491855,0.0,-0.0,0.0,-0.4583564580004378,0.0,0.0,0.0,0.0,5810.10498046875,0.0,,,0.0,,0.0,0.0,77.19725580000001,0.0,2.0,0.0,5811.2197265625,3.0,0.0,0.0,0.04900097846984863,0.0,0.0,0.0,0.0,0.0,0.0,0.0,,0.0,11.921875,0.0276929999999993,-0.9146763237677042,0.0,0.0,,0.0,8.956692913385822,0.0,0.0,,,,0.0,0.0,15.875,0.0,0.0,-0.0,0.0,0.22013259549472353,-0.0,12.421875,11.75,89.54164354199956,0.0,,1.0,0.0,0.0,0.0,19.15625,0.0,0.0,0.0,0.0,0.0,0.022171000000000163,1.0,,0.0,7.490952214260711,8.956692913385822,1.0,0.0,0.08322558703337771,0.0,-1.0,0.0,0.0,205.0,0.0,0.0,0.0,0.0,0.0,1.0,0.4979853332042694,0.0,0.0,0.0,40.0,1.0,0.0,0.0,0.0,0.0,0.0,0.0,0.0,0.0,
105.390429,0.0,0.0,359.4809300465354,0.0,0.0,0.0,,0.0,-1.0,0.0,0.9437931729533274,0.0,-0.0,0.0,-0.6930603027112454,0.0,0.0,0.0,0.0,5809.4443359375,0.0,,,0.0,,0.0,0.0,77.1514794375,0.0,2.0,0.0,5810.10498046875,3.0,0.0,0.0,0.04900097846984863,0.0,0.0,0.0,0.0,0.0,0.0,0.0,,0.0,12.0625,0.028660000000002128,-0.9249402187888635,0.0,0.0,,0.0,8.99606299212598,0.0,0.0,,,,0.0,0.0,15.875,0.0,0.0,-0.0,0.0,0.2204331731992412,-0.0,12.296875,12.15,89.30693969728875,0.0,,1.0,0.0,0.0,0.0,31.625,0.0,0.0,0.0,0.0,0.0,0.030990000000002738,1.0,,0.0,7.490952214260711,8.99606299212598,1.0,0.0,0.07085309874102086,0.0,-1.0,0.0,0.0,310.0,0.0,0.0,0.0,0.0,0.0,1.0,0.5291879177093506,0.0,0.0,0.0,45.0,1.0,0.0,0.0,0.0,0.0,0.0,0.0,0.0,0.0,
105.428389,0.0,0.0,0.14540712683098045,0.0,0.0,0.0,,0.0,-1.0,0.0,359.22447239330575,0.0,-0.0,0.0,-0.6847775070091444,0.0,0.0,0.0,0.0,5809.9541015625,0.0,,,0.0,,0.0,0.0,76.9683739875,0.0,2.0,0.0,5809.74609375,3.0,0.0,0.0,0.04900097846984863,0.0,0.0,0.0,0.0,0.0,0.0,0.0,,0.0,11.4609375,0.03795999999999822,-0.9043395498254861,0.0,0.0,,0.0,8.9763779527559,0.0,0.0,,,,0.0,0.0,8.625,0.0,0.0,-0.0,0.0,0.22221552156309957,-0.0,11.5390625,12.0,89.31522249299086,0.0,,1.0,0.0,0.0,0.0,33.0,0.0,0.0,0.0,0.0,0.0,0.02674199999999871,1.0,,0.0,7.490952214260711,8.9763779527559,1.0,0.0,0.07167783579807276,0.0,-1.0,0.0,0.0,64.0,0.0,0.0,0.0,0.0,0.0,1.0,0.4658389091491699,0.0,0.0,0.0,35.0,1.0,0.0,0.0,0.0,0.0,0.0,0.0,0.0,0.0,
105.461676,0.0,0.0,358.9497007898173,0.0,0.0,0.0,,0.0,-1.0,0.0,359.809046781287,0.0,-0.0,0.0,-1.1411992555871393,0.0,0.0,0.0,0.0,5807.49853515625,0.0,,,0.0,,0.0,0.0,77.38036124999999,0.0,2.0,0.0,5809.236328125,3.0,0.0,0.0,0.04900097846984863,0.0,0.0,0.0,0.0,0.0,0.0,0.0,,0.0,11.515625,0.0332870000000014,-0.890525970780277,0.0,0.0,,0.0,8.9763779527559,0.0,0.0,,,,0.0,0.0,8.625,0.0,0.0,-0.0,0.0,0.22491026257653066,-0.0,11.796875,11.3,88.85880074441286,0.0,,1.0,0.0,0.0,0.0,23.90625,0.0,0.0,0.0,0.0,0.0,0.022181000000003337,1.0,,0.0,7.490952214260711,8.9763779527559,1.0,0.0,0.06607193052407856,0.0,-1.0,0.0,0.0,169.0,0.0,0.0,0.0,0.0,0.0,1.0,0.5098881125450134,0.0,0.0,0.0,40.0,1.0,0.0,0.0,0.0,0.0,0.0,0.0,0.0,0.0,
105.490868,0.0,0.0,358.7452246214961,0.0,0.0,0.0,,0.0,-1.0,0.0,359.6139431509105,0.0,-0.0,0.0,-0.22293965119752102,0.0,0.0,0.0,0.0,5804.986328125,0.0,,,0.0,,0.0,0.0,77.10570307500001,0.0,2.0,0.0,5807.49853515625,3.0,0.0,0.0,0.04900097846984863,0.0,0.0,0.0,0.0,0.0,0.0,0.0,,0.0,12.3828125,0.02919200000000899,-0.9027404368742917,0.0,0.0,,0.0,8.996062992125978,0.0,0.0,,,,0.0,0.0,18.25,0.0,0.0,-0.0,0.0,0.22251920009789822,-0.0,12.578125,12.450000000000001,89.77706034880248,0.0,,1.0,0.0,0.0,0.0,8.21875,0.0,0.0,0.0,0.0,0.0,0.028538999999994985,1.0,,0.0,7.490952214260711,8.996062992125978,1.0,0.0,0.06845659491246317,0.0,-1.0,0.0,0.0,274.0,0.0,0.0,0.0,0.0,0.0,1.0,0.5266067981719971,0.0,0.0,0.0,45.0,1.0,0.0,0.0,0.0,0.0,0.0,0.0,0.0,0.0,
105.525421,0.0,0.0,359.3254305297789,0.0,0.0,0.0,,0.0,-1.0,0.0,359.42180112926803,0.0,-0.0,0.0,-2.5294942048377465,0.0,0.0,0.0,0.0,5803.28662109375,0.0,,,0.0,,0.0,0.0,77.0599267125,0.0,2.0,0.0,5803.36181640625,3.0,0.0,0.0,0.04900097846984863,0.0,0.0,0.0,0.0,0.0,0.0,0.0,,0.0,12.0859375,0.03455299999998829,-0.9076873613613935,0.0,0.0,,0.0,8.996062992125978,0.0,0.0,,,,0.0,0.0,18.25,0.0,0.0,-0.0,0.0,0.22213569118458937,-0.0,12.03125,11.95,87.47050579516225,0.0,,1.0,0.0,0.0,0.0,27.21875,0.0,0.0,0.0,0.0,0.0,0.024266000000011445,1.0,,0.0,7.490952214260711,8.996062992125978,1.0,0.0,0.05956851235652496,0.0,-1.0,0.0,0.0,379.0,0.0,0.0,0.0,0.0,0.0,1.0,0.4552755355834961,0.0,0.0,0.0,35.0,1.0,0.0,0.0,0.0,0.0,0.0,0.0,0.0,0.0,
105.555664,0.0,0.0,359.15884988744756,0.0,0.0,0.0,,0.0,-1.0,0.0,0.0,0.0,-0.0,0.0,-0.4547188616931379,0.0,0.0,0.0,0.0,5804.68408203125,0.0,,,0.0,,0.0,0.0,77.10570307500001,0.0,2.0,0.0,5803.28662109375,3.0,0.0,0.0,0.04900097846984863,0.0,0.0,0.0,0.0,0.0,0.0,0.0,,0.0,12.3125,0.030242999999998688,-0.903255039364558,0.0,0.0,,0.0,8.996062992125978,0.0,0.0,,,,0.0,0.0,8.875,0.0,0.0,-0.0,0.0,0.21857649896236722,-0.0,12.234375,12.5,89.54528113830686,0.0,,1.0,0.0,0.0,0.0,22.1875,0.0,0.0,0.0,0.0,0.0,0.022518000000005145,1.0,,0.0,7.490952214260711,8.996062992125978,1.0,0.0,0.07726534233376003,0.0,-1.0,0.0,0.0,100.0,0.0,0.0,0.0,0.0,0.0,1.0,0.49771028757095337,0.0,0.0,0.0,40.0,1.0,0.0,0.0,0.0,0.0,0.0,0.0,0.0,0.0,
105.584546,0.0,0.0,359.08684447261413,0.0,0.0,0.0,,0.0,-1.0,0.0,0.5286540623294299,0.0,-0.0,0.0,-0.9353581957571464,0.0,0.0,0.0,0.0,5804.24951171875,0.0,,,0.0,,0.0,0.0,77.3345848875,0.0,2.0,0.0,5804.68408203125,3.0,0.0,0.0,0.04900097846984863,0.0,0.0,0.0,0.0,0.0,0.0,0.0,,0.0,11.65625,0.028882000000010066,-0.9123877238090132,0.0,0.0,,0.0,8.917322834645663,0.0,0.0,,,,0.0,0.0,7.875,0.0,0.0,-0.0,0.0,0.222150786740145,-0.0,12.4609375,12.15,89.06464180424285,0.0,,1.0,0.0,0.0,0.0,28.53125,0.0,0.0,0.0,0.0,0.0,0.021562000000002968,1.0,,0.0,7.490952214260711,8.917322834645663,1.0,0.0,0.057602413310824815,0.0,-1.0,0.0,0.0,205.0,0.0,0.0,0.0,0.0,0.0,1.0,0.513692319393158,0.0,0.0,0.0,45.0,1.0,0.0,0.0,0.0,0.0,0.0,0.0,0.0,0.0,
105.623167,0.0,0.0,359.7600713489779,0.0,0.0,0.0,,0.0,-1.0,0.0,359.7600713489779,0.0,-0.0,0.0,-0.2255727696340557,0.0,0.0,0.0,0.0,5803.494140625,0.0,,,0.0,,0.0,0.0,77.0599267125,0.0,2.0,0.0,5803.890625,3.0,0.0,0.0,0.04900097846984863,0.0,0.0,0.0,0.0,0.0,0.0,0.0,,0.0,11.859375,0.03862099999999202,-0.9100834484124329,0.0,0.0,,0.0,8.897637795275585,0.0,0.0,,,,0.0,0.0,7.875,0.0,0.0,-0.0,0.0,0.2249104319416102,-0.0,11.625,11.7,89.77442723036594,0.0,,1.0,0.0,0.0,0.0,26.25,0.0,0.0,0.0,0.0,0.0,0.023812000000006606,1.0,,0.0,7.490952214260711,8.897637795275585,1.0,0.0,0.0656299144271458,0.0,-1.0,0.0,0.0,310.0,0.0,0.0,0.0,0.0,0.0,1.0,0.4644227921962738,0.0,0.0,0.0,35.0,1.0,0.0,0.0,0.0,0.0,0.0,0.0,0.0,0.0,
105.657864,0.0,0.0,359.131232385891,0.0,0.0,0.0,,0.0,-1.0,0.0,0.3378430519191329,0.0,-0.0,0.0,-0.46580908276499144,0.0,0.0,0.0,0.0,5799.7919921875,0.0,,,0.0,,0.0,0.0,77.10570307500001,0.0,2.0,0.0,5802.115234375,3.0,0.0,0.0,0.04900097846984863,0.0,0.0,0.0,0.0,0.0,0.0,0.0,,0.0,11.9140625,0.034697000000008416,-0.9067177259276131,0.0,0.0,,0.0,8.917322834645663,0.0,0.0,,,,0.0,0.0,18.0,0.0,0.0,-0.0,0.0,0.2232239703787286,-0.0,12.1171875,11.65,89.53419091723501,0.0,,1.0,0.0,0.0,0.0,12.84375,0.0,0.0,0.0,0.0,0.0,0.023256000000003496,1.0,,0.0,7.490952214260711,8.917322834645663,1.0,0.0,0.06463487732724159,0.0,-1.0,0.0,0.0,100.0,0.0,0.0,0.0,0.0,0.0,1.0,0.5019050240516663,0.0,0.0,0.0,40.0,1.0,0.0,0.0,0.0,0.0,0.0,0.0,0.0,0.0,
105.687762,0.0,0.0,359.1370690700302,0.0,0.0,0.0,,0.0,-1.0,0.0,359.4726657800996,0.0,-0.0,0.0,-1.8183029644518314,0.0,0.0,0.0,0.0,5797.01513671875,0.0,,,0.0,,0.0,0.0,77.1514794375,0.0,2.0,0.0,5799.7919921875,3.0,0.0,0.0,0.04900097846984863,0.0,0.0,0.0,0.0,0.0,0.0,0.0,,0.0,11.8203125,0.029898000000002867,-0.9098423953832155,0.0,0.0,,0.0,8.917322834645663,0.0,0.0,,,,0.0,0.0,18.0,0.0,0.0,-0.0,0.0,0.22243356749716572,-0.0,12.53125,12.15,88.18169703554817,0.0,,1.0,0.0,0.0,0.0,6.90625,0.0,0.0,0.0,0.0,0.0,0.027426999999988766,1.0,,0.0,7.490952214260711,8.917322834645663,1.0,0.0,0.06444576962597265,0.0,-1.0,0.0,0.0,205.0,0.0,0.0,0.0,0.0,0.0,1.0,0.4961743950843811,0.0,0.0,0.0,45.0,1.0,0.0,0.0,0.0,0.0,0.0,0.0,0.0,0.0,
105.722837,0.0,0.0,359.37621517152917,0.0,0.0,0.0,,0.0,-1.0,0.0,359.6161370931769,0.0,-0.0,0.0,-0.6766903402793218,0.0,0.0,0.0,0.0,5795.73095703125,0.0,,,0.0,,0.0,0.0,77.19725580000001,0.0,2.0,0.0,5795.4287109375,3.0,0.0,0.0,0.04900097846984863,0.0,0.0,0.0,0.0,0.0,0.0,0.0,,0.0,10.9765625,0.035074999999991974,-0.9071479276074241,0.0,0.0,,0.0,8.95669291338582,0.0,0.0,,,,0.0,0.0,18.0,0.0,0.0,-0.0,0.0,0.22372766593428417,-0.0,11.40625,11.600000000000001,89.32330965972068,0.0,,1.0,0.0,0.0,0.0,47.09375,0.0,0.0,0.0,0.0,0.0,0.01878000000000668,1.0,,0.0,7.490952214260711,8.95669291338582,1.0,0.0,0.06095216389710803,0.0,-1.0,0.0,0.0,310.0,0.0,0.0,0.0,0.0,0.0,1.0,0.4901443421840668,0.0,0.0,0.0,35.0,1.0,0.0,0.0,0.0,0.0,0.0,0.0,0.0,0.0,
105.748794,0.0,0.0,359.16629210320775,0.0,0.0,0.0,,0.0,-1.0,0.0,358.8720092258571,0.0,-0.0,0.0,-2.045408488887219,0.0,0.0,0.0,0.0,5798.6962890625,0.0,,,0.0,,0.0,0.0,77.10570307500001,0.0,2.0,0.0,5795.73095703125,3.0,0.0,0.0,0.04900097846984863,0.0,0.0,0.0,0.0,0.0,0.0,0.0,,0.0,12.0859375,0.025957000000005337,-0.9022586603704805,0.0,0.0,,0.0,8.917322834645663,0.0,0.0,,,,0.0,0.0,17.625,0.0,0.0,-0.0,0.0,0.22448012418825244,-0.0,12.046875,12.5,87.95459151111278,0.0,,1.0,0.0,0.0,0.0,22.6875,0.0,0.0,0.0,0.0,0.0,0.03129500000000007,1.0,,0.0,7.490952214260711,8.917322834645663,1.0,0.0,0.06264200070827863,0.0,-1.0,0.0,0.0,71.0,0.0,0.0,0.0,0.0,0.0,1.0,0.4869067668914795,0.0,0.0,0.0,40.0,1.0,0.0,0.0,0.0,0.0,0.0,0.0,0.0,0.0,
105.786309,0.0,0.0,359.23423230677156,0.0,0.0,0.0,,0.0,-1.0,0.0,0.6221798886637601,0.0,-0.0,0.0,0.4340506321394173,0.0,0.0,0.0,0.0,5799.52734375,0.0,,,0.0,,0.0,0.0,77.4261376125,0.0,2.0,0.0,5798.6962890625,3.0,0.0,0.0,0.04900097846984863,0.0,0.0,0.0,0.0,0.0,0.0,0.0,,0.0,11.5859375,0.03751499999999908,-0.9053228320128196,0.0,0.0,,0.0,8.877952755905506,0.0,0.0,,,,0.0,0.0,15.25,0.0,0.0,-0.0,0.0,0.22886892792451616,-0.0,11.515625,12.05,90.43405063213942,0.0,,1.0,0.0,0.0,0.0,25.4375,0.0,0.0,0.0,0.0,0.0,0.019088999999993916,1.0,,0.0,7.490952214260711,8.877952755905506,1.0,0.0,0.07711984732689157,0.0,-1.0,0.0,0.0,176.0,0.0,0.0,0.0,0.0,0.0,1.0,0.5167503356933594,0.0,0.0,0.0,45.0,1.0,0.0,0.0,0.0,0.0,0.0,0.0,0.0,0.0,
105.821375,0.0,0.0,359.619625006322,0.0,0.0,0.0,,0.0,-1.0,0.0,0.3328274745319828,0.0,-0.0,0.0,-0.8916911075218792,0.0,0.0,0.0,0.0,5802.4931640625,0.0,,,0.0,,0.0,0.0,77.19725580000001,0.0,2.0,0.0,5801.3408203125,3.0,0.0,0.0,0.04900097846984863,0.0,0.0,0.0,0.0,0.0,0.0,0.0,,0.0,12.4140625,0.035066000000000486,-0.9067670563406347,0.0,0.0,,0.0,8.897637795275585,0.0,0.0,,,,0.0,0.0,15.25,0.0,0.0,-0.0,0.0,0.2339733731259814,-0.0,12.453125,12.5,89.10830889247812,0.0,,1.0,0.0,0.0,0.0,34.78125,0.0,0.0,0.0,0.0,0.0,0.01667399999999475,1.0,,0.0,7.490952214260711,8.897637795275585,1.0,0.0,0.0663416052505039,0.0,-1.0,0.0,0.0,281.0,0.0,0.0,0.0,0.0,0.0,1.0,0.48315683007240295,0.0,0.0,0.0,35.0,1.0,0.0,0.0,0.0,0.0,0.0,0.0,0.0,0.0,
105.841883,0.0,0.0,359.18224193872845,0.0,0.0,0.0,,0.0,-1.0,0.0,0.28861188485936357,0.0,-0.0,0.0,-1.5601996869286694,0.0,0.0,0.0,0.0,5802.3798828125,0.0,,,0.0,,0.0,0.0,77.288808525,0.0,2.0,0.0,5802.4931640625,3.0,0.0,0.0,0.04900097846984863,0.0,0.0,0.0,0.0,0.0,0.0,0.0,,0.0,12.1328125,0.02050799999999242,-0.9012209920343973,0.0,0.0,,0.0,8.937007874015743,0.0,0.0,,,,0.0,0.0,15.25,0.0,0.0,-0.0,0.0,0.23539415866932692,-0.0,12.4921875,12.5,88.43980031307133,0.0,,1.0,0.0,0.0,0.0,25.65625,0.0,0.0,0.0,0.0,0.0,0.014997000000008143,1.0,,0.0,7.490952214260711,8.937007874015743,1.0,0.0,0.07485809317754351,0.0,-1.0,0.0,0.0,386.0,0.0,0.0,0.0,0.0,0.0,1.0,0.5551194548606873,0.0,0.0,0.0,40.0,1.0,0.0,0.0,0.0,0.0,0.0,0.0,0.0,0.0,
105.860986,0.0,0.0,358.989094217462,0.0,0.0,0.0,,0.0,-1.0,0.0,359.22980281565407,0.0,-0.0,0.0,0.45653041409906336,0.0,0.0,0.0,0.0,5802.30419921875,0.0,,,0.0,,0.0,0.0,77.1514794375,0.0,2.0,0.0,5802.3798828125,3.0,0.0,0.0,0.04900097846984863,0.0,0.0,0.0,0.0,0.0,0.0,0.0,,0.0,12.2109375,0.019103000000001202,-0.9024379800292842,0.0,0.0,,0.0,8.937007874015743,0.0,0.0,,,,0.0,0.0,7.5,0.0,0.0,-0.0,0.0,0.2312283189135272,-0.0,12.46875,12.5,90.45653041409906,0.0,,1.0,0.0,0.0,0.0,29.375,0.0,0.0,0.0,0.0,0.0,0.018121000000007825,1.0,,0.0,7.490952214260711,8.937007874015743,1.0,0.0,0.06780494207648298,0.0,-1.0,0.0,0.0,71.0,0.0,0.0,0.0,0.0,0.0,1.0,0.50734943151474,0.0,0.0,0.0,45.0,1.0,0.0,0.0,0.0,0.0,0.0,0.0,0.0,0.0,
105.883311,0.0,0.0,359.0907339883347,0.0,0.0,0.0,,0.0,-1.0,0.0,359.0907339883347,0.0,-0.0,0.0,-2.078370245361967,0.0,0.0,0.0,0.0,5802.228515625,0.0,,,0.0,,0.0,0.0,77.1514794375,0.0,2.0,0.0,5802.30419921875,3.0,0.0,0.0,0.04900097846984863,0.0,0.0,0.0,0.0,0.0,0.0,0.0,,0.0,12.0390625,0.022325000000009254,-0.9061391709055386,0.0,0.0,,0.0,8.917322834645663,0.0,0.0,,,,0.0,0.0,7.5,0.0,0.0,-0.0,0.0,0.23260019107469926,-0.0,11.9453125,12.05,87.92162975463803,0.0,,1.0,0.0,0.0,0.0,33.8125,0.0,0.0,0.0,0.0,0.0,0.01462399999999775,1.0,,0.0,7.490952214260711,8.917322834645663,1.0,0.0,0.05973193116934116,0.0,-1.0,0.0,0.0,176.0,0.0,0.0,0.0,0.0,0.0,1.0,0.5096781253814697,0.0,0.0,0.0,50.0,1.0,0.0,0.0,0.0,0.0,0.0,0.0,0.0,0.0,
105.90181,0.0,0.0,359.3809907934226,0.0,0.0,0.0,,0.0,-1.0,0.0,1.1428396240471335,0.0,-0.0,0.0,0.44072807276103276,0.0,0.0,0.0,0.0,5801.15185546875,0.0,,,0.0,,0.0,0.0,77.4261376125,0.0,2.0,0.0,5802.228515625,3.0,0.0,0.0,0.04900097846984863,0.0,0.0,0.0,0.0,0.0,0.0,0.0,,0.0,11.4375,0.018498999999991383,-0.9100352644568083,0.0,0.0,,0.0,8.95669291338582,0.0,0.0,,,,0.0,0.0,7.5,0.0,0.0,-0.0,0.0,0.23536030746053563,-0.0,11.421875,11.45,90.44072807276103,0.0,,1.0,0.0,0.0,0.0,27.40625,0.0,0.0,0.0,0.0,0.0,0.01878899999999817,1.0,,0.0,7.490952214260711,8.95669291338582,1.0,0.0,0.0682023362784764,0.0,-1.0,0.0,0.0,281.0,0.0,0.0,0.0,0.0,0.0,1.0,0.5639247298240662,0.0,0.0,0.0,40.0,1.0,0.0,0.0,0.0,0.0,0.0,0.0,0.0,0.0,
105.924518,0.0,0.0,0.04786531869662144,0.0,0.0,0.0,,0.0,-1.0,0.0,359.6649408161899,0.0,-0.0,0.0,-0.6740368979845073,0.0,0.0,0.0,0.0,5799.130859375,0.0,,,0.0,,0.0,0.0,77.10570307500001,0.0,2.0,0.0,5801.15185546875,3.0,0.0,0.0,0.04900097846984863,0.0,0.0,0.0,0.0,0.0,0.0,0.0,,0.0,11.9765625,0.02270800000000861,-0.9105993015221423,0.0,0.0,,0.0,8.937007874015741,0.0,0.0,,,,0.0,0.0,15.125,0.0,0.0,-0.0,0.0,0.2327417403543086,-0.0,12.5390625,12.65,89.32596310201549,0.0,,1.0,0.0,0.0,0.0,16.34375,0.0,0.0,0.0,0.0,0.0,0.02690099999999518,1.0,,0.0,7.490952214260711,8.937007874015741,1.0,0.0,0.07249625860288984,0.0,-1.0,0.0,0.0,386.0,0.0,0.0,0.0,0.0,0.0,1.0,0.485939621925354,0.0,0.0,0.0,45.0,1.0,0.0,0.0,0.0,0.0,0.0,0.0,0.0,0.0,
105.95648,0.0,0.0,359.6186757114552,0.0,0.0,0.0,,0.0,-1.0,0.0,359.6663418145618,0.0,-0.0,0.0,-1.55415537293419,0.0,0.0,0.0,0.0,5797.921875,0.0,,,0.0,,0.0,0.0,77.19725580000001,0.0,2.0,0.0,5797.865234375,3.0,0.0,0.0,0.04900097846984863,0.0,0.0,0.0,0.0,0.0,0.0,0.0,,0.0,12.078125,0.03196199999999294,-0.9036424435067425,0.0,0.0,,0.0,8.956692913385819,0.0,0.0,,,,0.0,0.0,15.125,0.0,0.0,-0.0,0.0,0.23225650794893626,-0.0,11.9765625,12.5,88.44584462706581,0.0,,1.0,0.0,0.0,0.0,26.875,0.0,0.0,0.0,0.0,0.0,0.026854000000000156,1.0,,0.0,7.490952214260711,8.956692913385819,1.0,0.0,0.0663669065387319,0.0,-1.0,0.0,0.0,28.0,0.0,0.0,0.0,0.0,0.0,1.0,0.5131427049636841,0.0,0.0,0.0,50.0,1.0,0.0,0.0,0.0,0.0,0.0,0.0,0.0,0.0,
105.989544,0.0,0.0,359.0989099924003,0.0,0.0,0.0,,0.0,-1.0,0.0,359.7154557649357,0.0,-0.0,0.0,-0.22121812666486562,0.0,0.0,0.0,0.0,5798.92333984375,0.0,,,0.0,,0.0,0.0,77.10570307500001,0.0,2.0,0.0,5797.921875,3.0,0.0,0.0,0.04900097846984863,0.0,0.0,0.0,0.0,0.0,0.0,0.0,,0.0,12.234375,0.033063999999995985,-0.9076747451673005,0.0,0.0,,0.0,8.937007874015741,0.0,0.0,,,,0.0,0.0,10.0,0.0,0.0,-0.0,0.0,0.23032559976822817,-0.0,12.4609375,12.25,89.77878187333513,0.0,,1.0,0.0,0.0,0.0,25.375,0.0,0.0,0.0,0.0,0.0,0.025455000000008,1.0,,0.0,7.490952214260711,8.937007874015741,1.0,0.0,0.0791924613636694,0.0,-1.0,0.0,0.0,133.0,0.0,0.0,0.0,0.0,0.0,1.0,0.49561163783073425,0.0,0.0,0.0,55.0,1.0,0.0,0.0,0.0,0.0,0.0,0.0,0.0,0.0,
106.021397,0.0,0.0,359.47580935864124,0.0,0.0,0.0,,0.0,-1.0,0.0,1.2867397648063483,0.0,-0.0,0.0,0.22826883015342503,0.0,0.0,0.0,0.0,5800.11279296875,0.0,,,0.0,,0.0,0.0,77.10570307500001,0.0,2.0,0.0,5799.5654296875,3.0,0.0,0.0,0.04900097846984863,0.0,0.0,0.0,0.0,0.0,0.0,0.0,,0.0,11.78125,0.03185299999999813,-0.9056400666044623,0.0,0.0,,0.0,8.877952755905504,0.0,0.0,,,,0.0,0.0,10.0,0.0,0.0,-0.0,0.0,0.2338506442370926,-0.0,11.5703125,11.75,90.22826883015343,0.0,,1.0,0.0,0.0,0.0,31.28125,0.0,0.0,0.0,0.0,0.0,0.020600000000001728,1.0,,0.0,7.490952214260711,8.877952755905504,1.0,0.0,0.07021152937891081,0.0,-1.0,0.0,0.0,238.0,0.0,0.0,0.0,0.0,0.0,1.0,0.492330402135849,0.0,0.0,0.0,45.0,1.0,0.0,0.0,0.0,0.0,0.0,0.0,0.0,0.0,
106.048273,0.0,0.0,0.048181381031078045,0.0,0.0,0.0,,0.0,-1.0,0.0,359.0363269761907,0.0,-0.0,0.0,-1.3322198538696313,0.0,0.0,0.0,0.0,5801.66162109375,0.0,,,0.0,,0.0,0.0,77.0599267125,0.0,2.0,0.0,5800.11279296875,3.0,0.0,0.0,0.04900097846984863,0.0,0.0,0.0,0.0,0.0,0.0,0.0,,0.0,11.921875,0.026876000000001454,-0.8985060192962663,0.0,0.0,,0.0,8.937007874015741,0.0,0.0,,,,0.0,0.0,13.625,0.0,0.0,-0.0,0.0,0.2328157613555297,-0.0,12.484375,12.450000000000001,88.66778014613037,0.0,,1.0,0.0,0.0,0.0,26.90625,0.0,0.0,0.0,0.0,0.0,0.01892100000000596,1.0,,0.0,7.490952214260711,8.937007874015741,1.0,0.0,0.06609343154525667,0.0,-1.0,0.0,0.0,343.0,0.0,0.0,0.0,0.0,0.0,1.0,0.5135073065757751,0.0,0.0,0.0,50.0,1.0,0.0,0.0,0.0,0.0,0.0,0.0,0.0,0.0,
106.073366,0.0,0.0,358.93729995688363,0.0,0.0,0.0,,0.0,-1.0,0.0,359.9516981379272,0.0,-0.0,0.0,0.0,0.0,0.0,0.0,0.0,5803.380859375,0.0,,,0.0,,0.0,0.0,77.1514794375,0.0,2.0,0.0,5802.681640625,3.0,0.0,0.0,0.04900097846984863,0.0,0.0,0.0,0.0,0.0,0.0,0.0,,0.0,11.6875,0.025092999999998256,-0.8942057054818358,0.0,0.0,,0.0,8.956692913385819,0.0,0.0,,,,0.0,0.0,13.625,0.0,0.0,-0.0,0.0,0.23425220637384475,-0.0,11.6328125,11.75,90.0,0.0,,1.0,0.0,0.0,0.0,23.59375,0.0,0.0,0.0,0.0,0.0,0.028820000000010282,1.0,,0.0,7.490952214260711,8.956692913385819,1.0,0.0,0.0761528553997612,0.0,-1.0,0.0,0.0,74.0,0.0,0.0,0.0,0.0,0.0,1.0,0.4728727340698242,0.0,0.0,0.0,55.0,1.0,0.0,0.0,0.0,0.0,0.0,0.0,0.0,0.0,
106.108701,0.0,0.0,359.16182541844597,0.0,0.0,0.0,,0.0,-1.0,0.0,0.0,0.0,-0.0,0.0,-1.1885386092088055,0.0,0.0,0.0,0.0,5805.06201171875,0.0,,,0.0,,0.0,0.0,77.0599267125,0.0,2.0,0.0,5803.380859375,3.0,0.0,0.0,0.04900097846984863,0.0,0.0,0.0,0.0,0.0,0.0,0.0,,0.0,12.1171875,0.03533500000000345,-0.8946260128861987,0.0,0.0,,0.0,8.937007874015741,0.0,0.0,,,,0.0,0.0,15.5,0.0,0.0,-0.0,0.0,0.23512264018336854,-0.0,12.4921875,12.200000000000001,88.8114613907912,0.0,,1.0,0.0,0.0,0.0,26.3125,0.0,0.0,0.0,0.0,0.0,0.022717000000000098,1.0,,0.0,7.490952214260711,8.937007874015741,1.0,0.0,0.0699523790957672,0.0,-1.0,0.0,0.0,179.0,0.0,0.0,0.0,0.0,0.0,1.0,0.544496476650238,0.0,0.0,0.0,35.0,1.0,0.0,0.0,0.0,0.0,0.0,0.0,0.0,0.0,
106.137011,0.0,0.0,359.6683616650468,0.0,0.0,0.0,,0.0,-1.0,0.0,1.374053937504555,0.0,-0.0,0.0,0.23103011689548225,0.0,0.0,0.0,0.0,5806.89404296875,0.0,,,0.0,,0.0,0.0,77.38036124999999,0.0,2.0,0.0,5806.13818359375,3.0,0.0,0.0,0.04900097846984863,0.0,0.0,0.0,0.0,0.0,0.0,0.0,,0.0,11.6484375,0.02831000000000472,-0.8901137510253645,0.0,0.0,,0.0,8.937007874015741,0.0,0.0,,,,0.0,0.0,15.5,0.0,0.0,-0.0,0.0,0.23535395050082877,-0.0,11.5234375,12.200000000000001,90.23103011689548,0.0,,1.0,0.0,0.0,0.0,30.15625,0.0,0.0,0.0,0.0,0.0,0.022476999999994973,1.0,,0.0,7.490952214260711,8.937007874015741,1.0,0.0,0.08137398962390201,0.0,-1.0,0.0,0.0,284.0,0.0,0.0,0.0,0.0,0.0,1.0,0.4565747082233429,0.0,0.0,0.0,40.0,1.0,0.0,0.0,0.0,0.0,0.0,0.0,0.0,0.0,
106.165308,0.0,0.0,359.8545064512746,0.0,0.0,0.0,,0.0,-1.0,0.0,358.4963964669001,0.0,-0.0,0.0,-1.4028815326514632,0.0,0.0,0.0,0.0,5808.61279296875,0.0,,,0.0,,0.0,0.0,77.1514794375,0.0,2.0,0.0,5806.89404296875,3.0,0.0,0.0,0.04900097846984863,0.0,0.0,0.0,0.0,0.0,0.0,0.0,,0.0,11.8828125,0.02829699999999491,-0.8918898548844196,0.0,0.0,,0.0,8.976377952755898,0.0,0.0,,,,0.0,0.0,15.25,0.0,0.0,-0.0,0.0,0.22918926761926597,-0.0,12.515625,12.0,88.59711846734854,0.0,,1.0,0.0,0.0,0.0,23.875,0.0,0.0,0.0,0.0,0.0,0.025509999999997035,1.0,,0.0,7.490952214260711,8.976377952755898,1.0,0.0,0.07265578447636768,0.0,-1.0,0.0,0.0,389.0,0.0,0.0,0.0,0.0,0.0,1.0,0.5224968791007996,0.0,0.0,0.0,45.0,1.0,0.0,0.0,0.0,0.0,0.0,0.0,0.0,0.0,
106.198896,0.0,0.0,359.52934888183563,0.0,0.0,0.0,,0.0,-1.0,0.0,1.3650017738944447,0.0,-0.0,0.0,1.282527082710189,0.0,0.0,0.0,0.0,5810.48291015625,0.0,,,0.0,,0.0,0.0,77.1514794375,0.0,2.0,0.0,5809.7275390625,3.0,0.0,0.0,0.04900097846984863,0.0,0.0,0.0,0.0,0.0,0.0,0.0,,0.0,11.0078125,0.03358800000000883,-0.8927591794853735,0.0,0.0,93.8,0.0,8.976377952755898,0.0,0.0,,,,0.0,0.0,15.25,0.0,0.0,-0.0,0.0,0.23321883282073116,-0.0,11.1796875,11.100000000000001,91.28252708271019,0.0,62.37664028679654,1.0,0.0,0.0,0.0,40.5,0.0,0.0,0.0,0.0,0.0,0.02643399999999474,1.0,86.4,0.0,7.490952214260711,8.976377952755898,1.0,0.0,0.08779886787798263,0.0,-1.0,0.0,0.0,104.0,0.0,0.0,0.0,0.0,0.0,1.0,0.5590223670005798,0.0,0.0,0.0,35.0,1.0,0.0,0.0,0.0,0.0,0.0,0.0,0.0,0.0,
106.231782,0.0,0.0,359.4190279342208,0.0,0.0,0.0,,0.0,-1.0,0.0,358.4990096644959,0.0,-0.0,0.0,-2.1529627891004566,0.0,0.0,0.0,0.0,5812.447265625,0.0,,,0.0,,0.0,0.0,77.74657214999999,0.0,2.0,0.0,5812.447265625,3.0,0.0,0.0,0.04900097846984863,0.0,0.0,0.0,0.0,0.0,0.0,0.0,,0.0,11.8359375,0.032885999999990645,-0.8931933347645707,0.0,0.0,,0.0,8.956692913385819,0.0,0.0,,,,0.0,0.0,20.0,0.0,0.0,-0.0,0.0,0.22902415728959571,-0.0,12.25,11.7,87.84703721089954,0.0,,1.0,0.0,0.0,0.0,18.6875,0.0,0.0,0.0,0.0,0.0,0.02040200000000425,1.0,,0.0,7.490952214260711,8.956692913385819,1.0,0.0,0.0581470197632826,0.0,-1.0,0.0,0.0,209.0,0.0,0.0,0.0,0.0,0.0,1.0,0.5035893321037292,0.0,0.0,0.0,40.0,1.0,0.0,0.0,0.0,0.0,0.0,0.0,0.0,0.0,
106.260864,0.0,0.0,359.2840489878248,0.0,0.0,0.0,,0.0,-1.0,0.0,1.3842704415472504,0.0,-0.0,0.0,1.0728292757915483,0.0,0.0,0.0,0.0,5812.7685546875,0.0,,,0.0,,0.0,0.0,76.8310449,0.0,2.0,0.0,5813.56201171875,3.0,0.0,0.0,0.04900097846984863,0.0,0.0,0.0,0.0,0.0,0.0,0.0,,0.0,10.890625,0.029082000000002495,-0.8897821589228356,0.0,0.0,,0.0,8.917322834645661,0.0,0.0,,,,0.0,0.0,20.0,0.0,0.0,-0.0,0.0,0.23629555771694613,-0.0,11.359375,10.7,91.07282927579155,0.0,,1.0,0.0,0.0,0.0,41.5,0.0,0.0,0.0,0.0,0.0,0.02045400000000086,1.0,,0.0,7.490952214260711,8.917322834645661,1.0,0.0,0.07951788013574948,0.0,-1.0,0.0,0.0,314.0,0.0,0.0,0.0,0.0,0.0,1.0,0.4903968274593353,0.0,0.0,0.0,45.0,1.0,0.0,0.0,0.0,0.0,0.0,0.0,0.0,0.0,
106.287245,0.0,0.0,359.0483700181624,0.0,0.0,0.0,,0.0,-1.0,0.0,359.4766202581389,0.0,-0.0,0.0,-2.7048759857356544,0.0,0.0,0.0,0.0,5810.65283203125,0.0,,,0.0,,0.0,0.0,77.1514794375,0.0,2.0,0.0,5812.7685546875,3.0,0.0,0.0,0.04900097846984863,0.0,0.0,0.0,0.0,0.0,0.0,0.0,,0.0,12.0234375,0.026381000000000654,-0.895938194156394,0.0,0.0,,0.0,8.877952755905504,0.0,0.0,,,,0.0,0.0,20.0,0.0,0.0,-0.0,0.0,0.23299657615406458,-0.0,12.015625,11.8,87.29512401426435,0.0,,1.0,0.0,0.0,0.0,15.75,0.0,0.0,0.0,0.0,0.0,0.024713000000005536,1.0,,0.0,7.490952214260711,8.877952755905504,1.0,0.0,0.06695076398839601,0.0,-1.0,0.0,0.0,72.0,0.0,0.0,0.0,0.0,0.0,1.0,0.48896750807762146,0.0,0.0,0.0,35.0,1.0,0.0,0.0,0.0,0.0,0.0,0.0,0.0,0.0,
106.341494,0.0,0.0,359.4808941301953,0.0,0.0,0.0,,0.0,-1.0,0.0,359.33931422166614,0.0,-0.0,0.0,-1.1550003680447674,0.0,0.0,0.0,0.0,5806.251953125,0.0,,,0.0,,0.0,0.0,77.56346669999999,0.0,2.0,0.0,5807.93310546875,3.0,0.0,0.0,0.04900097846984863,0.0,0.0,0.0,0.0,0.0,0.0,0.0,,0.0,12.1171875,0.05424899999999866,-0.898817790832232,0.0,0.0,,0.0,8.937007874015741,0.0,0.0,,,,0.0,0.0,19.0,0.0,0.0,-0.0,0.0,0.2327674562761648,-0.0,12.078125,12.450000000000001,88.84499963195523,0.0,,1.0,0.0,0.0,0.0,26.8125,0.0,0.0,0.0,0.0,0.0,0.021611000000007152,1.0,,0.0,7.490952214260711,8.937007874015741,1.0,0.0,0.08063284725601402,0.0,-1.0,0.0,0.0,177.0,0.0,0.0,0.0,0.0,0.0,1.0,0.4390712082386017,0.0,0.0,0.0,35.0,1.0,0.0,0.0,0.0,0.0,0.0,0.0,0.0,0.0,
106.368694,0.0,0.0,359.52095540737827,0.0,0.0,0.0,,0.0,-1.0,0.0,0.2874245630389737,0.0,-0.0,0.0,0.22293965119753523,0.0,0.0,0.0,0.0,5807.10205078125,0.0,,,0.0,,0.0,0.0,77.2430321625,0.0,2.0,0.0,5806.251953125,3.0,0.0,0.0,0.04900097846984863,0.0,0.0,0.0,0.0,0.0,0.0,0.0,,0.0,11.96875,0.027200000000007662,-0.896729909827069,0.0,0.0,,0.0,8.937007874015741,0.0,0.0,,,,0.0,0.0,19.0,0.0,0.0,-0.0,0.0,0.2353930132114517,-0.0,11.46875,12.05,90.22293965119754,0.0,,1.0,0.0,0.0,0.0,33.125,0.0,0.0,0.0,0.0,0.0,0.021129000000001952,1.0,,0.0,7.490952214260711,8.937007874015741,1.0,0.0,0.07402027330654434,0.0,-1.0,0.0,0.0,282.0,0.0,0.0,0.0,0.0,0.0,1.0,0.5770713090896606,0.0,0.0,0.0,40.0,1.0,0.0,0.0,0.0,0.0,0.0,0.0,0.0,0.0,
106.402427,0.0,0.0,359.6621191037074,0.0,0.0,0.0,,0.0,-1.0,0.0,0.14480537803936214,0.0,-0.0,0.0,-0.226464352341182,0.0,0.0,0.0,0.0,5810.19970703125,0.0,,,0.0,,0.0,0.0,77.38036124999999,0.0,2.0,0.0,5808.99072265625,3.0,0.0,0.0,0.04900097846984863,0.0,0.0,0.0,0.0,0.0,0.0,0.0,,0.0,11.9375,0.033732999999998015,-0.8942402627369229,0.0,0.0,,0.0,8.897637795275584,0.0,0.0,,,,0.0,0.0,16.375,0.0,0.0,-0.0,0.0,0.23667078098922945,-0.0,12.5,12.450000000000001,89.77353564765882,0.0,,1.0,0.0,0.0,0.0,20.8125,0.0,0.0,0.0,0.0,0.0,0.02756300000000067,1.0,,0.0,7.490952214260711,8.897637795275584,1.0,0.0,0.07029729057554339,0.0,-1.0,0.0,0.0,100.0,0.0,0.0,0.0,0.0,0.0,1.0,0.48464223742485046,0.0,0.0,0.0,30.0,1.0,0.0,0.0,0.0,0.0,0.0,0.0,0.0,0.0,
106.437917,0.0,0.0,359.1283113144424,0.0,0.0,0.0,,0.0,-1.0,0.0,359.51574138746076,0.0,-0.0,0.0,-0.22293965119752102,0.0,0.0,0.0,0.0,5809.97314453125,0.0,,,0.0,,0.0,0.0,77.2430321625,0.0,2.0,0.0,5810.10498046875,3.0,0.0,0.0,0.04900097846984863,0.0,0.0,0.0,0.0,0.0,0.0,0.0,,0.0,12.1328125,0.0354899999999958,-0.8880056324659735,0.0,0.0,,0.0,8.917322834645663,0.0,0.0,,,,0.0,0.0,16.375,0.0,0.0,-0.0,0.0,0.23386011942634802,-0.0,12.1171875,12.5,89.77706034880248,0.0,,1.0,0.0,0.0,0.0,25.3125,0.0,0.0,0.0,0.0,0.0,0.023144000000002052,1.0,,0.0,7.490952214260711,8.917322834645663,1.0,0.0,0.07406668322805568,0.0,-1.0,0.0,0.0,205.0,0.0,0.0,0.0,0.0,0.0,1.0,0.4727584421634674,0.0,0.0,0.0,35.0,1.0,0.0,0.0,0.0,0.0,0.0,0.0,0.0,0.0,
106.468208,0.0,0.0,359.0868107388314,0.0,0.0,0.0,,0.0,-1.0,0.0,0.1922425748801948,0.0,-0.0,0.0,-1.1233027140754217,0.0,0.0,0.0,0.0,5810.7666015625,0.0,,,0.0,,0.0,0.0,77.1514794375,0.0,2.0,0.0,5809.97314453125,3.0,0.0,0.0,0.04900097846984863,0.0,0.0,0.0,0.0,0.0,0.0,0.0,,0.0,11.8984375,0.030291000000005397,-0.890404016424955,0.0,0.0,,0.0,8.95669291338582,0.0,0.0,,,,0.0,0.0,9.0,0.0,0.0,-0.0,0.0,0.23499129051303902,-0.0,12.484375,12.4,88.87669728592458,0.0,,1.0,0.0,0.0,0.0,32.9375,0.0,0.0,0.0,0.0,0.0,0.021169000000000437,1.0,,0.0,7.490952214260711,8.95669291338582,1.0,0.0,0.07687492114140196,0.0,-1.0,0.0,0.0,310.0,0.0,0.0,0.0,0.0,0.0,1.0,0.4945071041584015,0.0,0.0,0.0,40.0,1.0,0.0,0.0,0.0,0.0,0.0,0.0,0.0,0.0,
106.49546,0.0,0.0,359.4251459693929,0.0,0.0,0.0,,0.0,-1.0,0.0,359.904192489147,0.0,-0.0,0.0,-0.6793647554652438,0.0,0.0,0.0,0.0,5810.80419921875,0.0,,,0.0,,0.0,0.0,77.0599267125,0.0,2.0,0.0,5811.2763671875,3.0,0.0,0.0,0.04900097846984863,0.0,0.0,0.0,0.0,0.0,0.0,0.0,,0.0,11.75,0.027251999999990062,-0.8946121506288454,0.0,0.0,,0.0,8.95669291338582,0.0,0.0,,,,0.0,0.0,9.0,0.0,0.0,-0.0,0.0,0.23429433737506583,-0.0,11.6484375,11.55,89.32063524453476,0.0,,1.0,0.0,0.0,0.0,25.5625,0.0,0.0,0.0,0.0,0.0,0.029851000000007843,1.0,,0.0,7.490952214260711,8.95669291338582,1.0,0.0,0.08162684092568086,0.0,-1.0,0.0,0.0,64.0,0.0,0.0,0.0,0.0,0.0,1.0,0.4975157678127289,0.0,0.0,0.0,30.0,1.0,0.0,0.0,0.0,0.0,0.0,0.0,0.0,0.0,
106.53117,0.0,0.0,359.71234180190464,0.0,0.0,0.0,,0.0,-1.0,0.0,0.6232689249116455,0.0,-0.0,0.0,-0.6930603027112454,0.0,0.0,0.0,0.0,5809.3310546875,0.0,,,0.0,,0.0,0.0,77.0599267125,0.0,2.0,0.0,5809.3310546875,3.0,0.0,0.0,0.04900097846984863,0.0,0.0,0.0,0.0,0.0,0.0,0.0,,0.0,11.9765625,0.03571000000000879,-0.8938172831070542,0.0,0.0,,0.0,8.897637795275585,0.0,0.0,,,,0.0,0.0,15.375,0.0,0.0,-0.0,0.0,0.23615838846175685,-0.0,11.6640625,11.600000000000001,89.30693969728875,0.0,,1.0,0.0,0.0,0.0,31.6875,0.0,0.0,0.0,0.0,0.0,0.021984000000003334,1.0,,0.0,7.490952214260711,8.897637795275585,1.0,0.0,0.0784416885802412,0.0,-1.0,0.0,0.0,169.0,0.0,0.0,0.0,0.0,0.0,1.0,0.4995315372943878,0.0,0.0,0.0,35.0,1.0,0.0,0.0,0.0,0.0,0.0,0.0,0.0,0.0,
106.561117,0.0,0.0,359.5699408237384,0.0,0.0,0.0,,0.0,-1.0,0.0,359.6177259208904,0.0,-0.0,0.0,0.6461656060315732,0.0,0.0,0.0,0.0,5804.07958984375,0.0,,,0.0,,0.0,0.0,77.19725580000001,0.0,2.0,0.0,5806.95068359375,3.0,0.0,0.0,0.04900097846984863,0.0,0.0,0.0,0.0,0.0,0.0,0.0,,0.0,12.2265625,0.02994699999999284,-0.891678313569384,0.0,0.0,,0.0,8.956692913385822,0.0,0.0,,,,0.0,0.0,15.375,0.0,0.0,-0.0,0.0,0.23812008616627456,-0.0,12.3515625,12.3,90.64616560603157,0.0,,1.0,0.0,0.0,0.0,5.40625,0.0,0.0,0.0,0.0,0.0,0.01938599999999724,1.0,,0.0,7.490952214260711,8.956692913385822,1.0,0.0,0.07600488294362756,0.0,-1.0,0.0,0.0,274.0,0.0,0.0,0.0,0.0,0.0,1.0,0.4806070327758789,0.0,0.0,0.0,40.0,1.0,0.0,0.0,0.0,0.0,0.0,0.0,0.0,0.0,
106.587486,0.0,0.0,359.42563039025634,0.0,0.0,0.0,,0.0,-1.0,0.0,0.23931732400587644,0.0,-0.0,0.0,-0.6636280000132473,0.0,0.0,0.0,0.0,5801.1328125,0.0,,,0.0,,0.0,0.0,77.01415035000001,0.0,2.0,0.0,5804.07958984375,3.0,0.0,0.0,0.04900097846984863,0.0,0.0,0.0,0.0,0.0,0.0,0.0,,0.0,12.328125,0.02636900000000253,-0.8944786545793983,0.0,0.0,,0.0,8.9763779527559,0.0,0.0,,,,0.0,0.0,8.625,0.0,0.0,-0.0,0.0,0.23776917652036492,-0.0,12.640625,12.6,89.33637199998675,0.0,,1.0,0.0,0.0,0.0,3.34375,0.0,0.0,0.0,0.0,0.0,0.02576100000000281,1.0,,0.0,7.490952214260711,8.9763779527559,1.0,0.0,0.08158767947765443,0.0,-1.0,0.0,0.0,379.0,0.0,0.0,0.0,0.0,0.0,1.0,0.5042353868484497,0.0,0.0,0.0,45.0,1.0,0.0,0.0,0.0,0.0,0.0,0.0,0.0,0.0,
106.617759,0.0,0.0,359.5670976513092,0.0,0.0,0.0,,0.0,-1.0,0.0,359.08606507183015,0.0,-0.0,0.0,-0.6875163546391008,0.0,0.0,0.0,0.0,5798.94189453125,0.0,,,0.0,,0.0,0.0,77.1514794375,0.0,2.0,0.0,5799.16845703125,3.0,0.0,0.0,0.04900097846984863,0.0,0.0,0.0,0.0,0.0,0.0,0.0,,0.0,12.15625,0.03027300000000821,-0.8962922165457137,0.0,0.0,,0.0,8.937007874015743,0.0,0.0,,,,0.0,0.0,8.625,0.0,0.0,-0.0,0.0,0.23508503404173253,-0.0,12.1640625,12.5,89.3124836453609,0.0,,1.0,0.0,0.0,0.0,29.90625,0.0,0.0,0.0,0.0,0.0,0.013780999999994492,1.0,,0.0,7.490952214260711,8.937007874015743,1.0,0.0,0.0792311432332092,0.0,-1.0,0.0,0.0,100.0,0.0,0.0,0.0,0.0,0.0,1.0,0.5649561882019043,0.0,0.0,0.0,35.0,1.0,0.0,0.0,0.0,0.0,0.0,0.0,0.0,0.0,
106.636434,0.0,0.0,359.569952788278,0.0,0.0,0.0,,0.0,-1.0,0.0,0.5734003602888741,0.0,-0.0,0.0,-1.6299278853841628,0.0,0.0,0.0,0.0,5799.6787109375,0.0,,,0.0,,0.0,0.0,77.288808525,0.0,2.0,0.0,5798.94189453125,3.0,0.0,0.0,0.04900097846984863,0.0,0.0,0.0,0.0,0.0,0.0,0.0,,0.0,11.9296875,0.018674999999987563,-0.8985302165584791,0.0,0.0,,0.0,8.956692913385822,0.0,0.0,,,,0.0,0.0,8.625,0.0,0.0,-0.0,0.0,0.23735667373648212,-0.0,12.4921875,12.15,88.37007211461584,0.0,,1.0,0.0,0.0,0.0,40.6875,0.0,0.0,0.0,0.0,0.0,0.015416000000001873,1.0,,0.0,7.490952214260711,8.956692913385822,1.0,0.0,0.07125067649288064,0.0,-1.0,0.0,0.0,205.0,0.0,0.0,0.0,0.0,0.0,1.0,0.5055577754974365,0.0,0.0,0.0,40.0,1.0,0.0,0.0,0.0,0.0,0.0,0.0,0.0,0.0,
106.658619,0.0,0.0,359.33655691274873,0.0,0.0,0.0,,0.0,-1.0,0.0,359.85783659061383,0.0,-0.0,0.0,-1.1550003680447674,0.0,0.0,0.0,0.0,5800.1884765625,0.0,,,0.0,,0.0,0.0,77.10570307500001,0.0,2.0,0.0,5799.6787109375,3.0,0.0,0.0,0.04900097846984863,0.0,0.0,0.0,0.0,0.0,0.0,0.0,,0.0,12.1953125,0.02218500000000745,-0.8979102026721574,0.0,0.0,,0.0,8.937007874015745,0.0,0.0,,,,0.0,0.0,6.625,0.0,0.0,-0.0,0.0,0.23769837578776415,-0.0,12.203125,12.3,88.84499963195523,0.0,,1.0,0.0,0.0,0.0,31.15625,0.0,0.0,0.0,0.0,0.0,0.01401799999999298,1.0,,0.0,7.490952214260711,8.937007874015745,1.0,0.0,0.07518942375681288,0.0,-1.0,0.0,0.0,310.0,0.0,0.0,0.0,0.0,0.0,1.0,0.5365142822265625,0.0,0.0,0.0,45.0,1.0,0.0,0.0,0.0,0.0,0.0,0.0,0.0,0.0,
106.677087,0.0,0.0,359.52374085687785,0.0,0.0,0.0,,0.0,-1.0,0.0,0.2381274737833742,0.0,-0.0,0.0,-1.1411992555871393,0.0,0.0,0.0,0.0,5799.6220703125,0.0,,,0.0,,0.0,0.0,77.1514794375,0.0,2.0,0.0,5800.1884765625,3.0,0.0,0.0,0.04900097846984863,0.0,0.0,0.0,0.0,0.0,0.0,0.0,,0.0,11.640625,0.018467999999998597,-0.8961769079302886,0.0,0.0,,0.0,8.897637795275587,0.0,0.0,,,,0.0,0.0,6.625,0.0,0.0,-0.0,0.0,0.23816617897457726,-0.0,12.203125,11.7,88.85880074441286,0.0,,1.0,0.0,0.0,0.0,33.5625,0.0,0.0,0.0,0.0,0.0,0.01381200000000149,1.0,,0.0,7.490952214260711,8.897637795275587,1.0,0.0,0.0668166065036269,0.0,-1.0,0.0,0.0,415.0,0.0,0.0,0.0,0.0,0.0,1.0,0.5383862257003784,0.0,0.0,0.0,50.0,1.0,0.0,0.0,0.0,0.0,0.0,0.0,0.0,0.0,
106.694722,0.0,0.0,359.2380085849192,0.0,0.0,0.0,,0.0,-1.0,0.0,359.8571306064697,0.0,-0.0,0.0,-0.45113854678727705,0.0,0.0,0.0,0.0,5799.6220703125,0.0,,,0.0,,0.0,0.0,77.1514794375,0.0,2.0,0.0,5799.6220703125,3.0,0.0,0.0,0.04900097846984863,0.0,0.0,0.0,0.0,0.0,0.0,0.0,,0.0,11.5,0.017634999999998513,-0.8979853971538139,0.0,0.0,,0.0,8.877952755905508,0.0,0.0,,,,0.0,0.0,6.625,0.0,0.0,-0.0,0.0,0.23753464120900955,-0.0,11.5703125,11.7,89.54886145321272,0.0,,1.0,0.0,0.0,0.0,33.5625,0.0,0.0,0.0,0.0,0.0,0.031603000000004045,1.0,,0.0,7.490952214260711,8.877952755905508,1.0,0.0,0.07646881093652963,0.0,-1.0,0.0,0.0,520.0,0.0,0.0,0.0,0.0,0.0,1.0,0.4186095595359802,0.0,0.0,0.0,49.0,1.0,0.0,0.0,0.0,0.0,0.0,0.0,0.0,0.0,
106.730824,0.0,0.0,358.94795511071624,0.0,0.0,0.0,,0.0,-1.0,0.0,359.7130935300825,0.0,-0.0,0.0,-2.781413669275153,0.0,0.0,0.0,0.0,5795.4853515625,0.0,,,0.0,,0.0,0.0,77.10570307500001,0.0,2.0,0.0,5797.99755859375,3.0,0.0,0.0,0.04900097846984863,0.0,0.0,0.0,0.0,0.0,0.0,0.0,,0.0,10.4921875,0.036101999999999634,-0.9021367061156131,0.0,0.0,,0.0,8.937007874015745,0.0,0.0,,,,0.0,0.0,19.5,0.0,0.0,-0.0,0.0,0.23951666644710476,-0.0,12.21875,12.3,87.21858633072485,0.0,,1.0,0.0,0.0,0.0,11.0,0.0,0.0,0.0,0.0,0.0,0.021026000000006206,1.0,,0.0,7.490952214260711,8.937007874015745,1.0,0.0,0.07601103996855049,0.0,-1.0,0.0,0.0,100.0,0.0,0.0,0.0,0.0,0.0,1.0,0.5198389291763306,0.0,0.0,0.0,45.0,1.0,0.0,0.0,0.0,0.0,0.0,0.0,0.0,0.0,
106.760508,0.0,0.0,359.76266715538304,0.0,0.0,0.0,,0.0,-1.0,0.0,0.617075346990692,0.0,-0.0,0.0,0.0,0.0,0.0,0.0,0.0,5791.197265625,0.0,,,0.0,,0.0,0.0,77.51769033749999,0.0,2.0,0.0,5792.5576171875,3.0,0.0,0.0,0.04900097846984863,0.0,0.0,0.0,0.0,0.0,0.0,0.0,,0.0,11.03125,0.029684000000003152,-0.8972310463668657,0.0,0.0,,0.0,8.917322834645667,0.0,0.0,,,,0.0,0.0,19.5,0.0,0.0,-0.0,0.0,0.23688568084270922,-0.0,10.171875,11.15,90.0,0.0,,1.0,0.0,0.0,0.0,72.0,0.0,0.0,0.0,0.0,0.0,0.018557999999998742,1.0,,0.0,7.490952214260711,8.917322834645667,1.0,0.0,0.07617006614429069,0.0,-1.0,0.0,0.0,205.0,0.0,0.0,0.0,0.0,0.0,1.0,0.48440006375312805,0.0,0.0,0.0,50.0,1.0,0.0,0.0,0.0,0.0,0.0,0.0,0.0,0.0,
106.785084,0.0,0.0,359.38804909238166,0.0,0.0,0.0,,0.0,-1.0,0.0,359.1997457266085,0.0,-0.0,0.0,-0.9022211615301501,0.0,0.0,0.0,0.0,5792.16064453125,0.0,,,0.0,,0.0,0.0,77.2430321625,0.0,2.0,0.0,5791.197265625,3.0,0.0,0.0,0.04900097846984863,0.0,0.0,0.0,0.0,0.0,0.0,0.0,,0.0,11.1328125,0.024575999999996156,-0.898016761512345,0.0,0.0,,0.0,8.87795275590551,0.0,0.0,,,,0.0,0.0,28.625,0.0,0.0,-0.0,0.0,0.2360749170453954,-0.0,11.5234375,11.2,89.09777883846985,0.0,,1.0,0.0,0.0,0.0,34.5,0.0,0.0,0.0,0.0,0.0,0.020595999999997616,1.0,,0.0,7.490952214260711,8.87795275590551,1.0,0.0,0.06408236026298426,0.0,-1.0,0.0,0.0,310.0,0.0,0.0,0.0,0.0,0.0,1.0,0.5198489427566528,0.0,0.0,0.0,55.0,1.0,0.0,0.0,0.0,0.0,0.0,0.0,0.0,0.0,
106.820999,0.0,0.0,359.76148386392407,0.0,0.0,0.0,,0.0,-1.0,0.0,359.33214177233236,0.0,-0.0,0.0,-0.6510603802294952,0.0,0.0,0.0,0.0,5795.67431640625,0.0,,,0.0,,0.0,0.0,77.19725580000001,0.0,2.0,0.0,5794.48388671875,3.0,0.0,0.0,0.04900097846984863,0.0,0.0,0.0,0.0,0.0,0.0,0.0,,0.0,12.21875,0.035915000000002806,-0.9016861943449792,0.0,0.0,,0.0,8.917322834645667,0.0,0.0,,,,0.0,0.0,28.625,0.0,0.0,-0.0,0.0,0.24005622210034042,-0.0,12.3125,12.05,89.3489396197705,0.0,,1.0,0.0,0.0,0.0,49.96875,0.0,0.0,0.0,0.0,0.0,0.026255000000006135,1.0,,0.0,7.490952214260711,8.917322834645667,1.0,0.0,0.07280767412257678,0.0,-1.0,0.0,0.0,64.0,0.0,0.0,0.0,0.0,0.0,1.0,0.45925623178482056,0.0,0.0,0.0,45.0,1.0,0.0,0.0,0.0,0.0,0.0,0.0,0.0,0.0,
106.8534,0.0,0.0,359.5703111115961,0.0,0.0,0.0,,0.0,-1.0,0.0,359.4270773323957,0.0,-0.0,0.0,-0.6793647554652438,0.0,0.0,0.0,0.0,5795.35302734375,0.0,,,0.0,,0.0,0.0,76.922597625,0.0,2.0,0.0,5795.35302734375,3.0,0.0,0.0,0.04900097846984863,0.0,0.0,0.0,0.0,0.0,0.0,0.0,,0.0,12.078125,0.03240099999999302,-0.9000479419556542,0.0,0.0,,0.0,8.956692913385824,0.0,0.0,,,,0.0,0.0,13.0,0.0,0.0,-0.0,0.0,0.2401124431137713,-0.0,12.4765625,12.25,89.32063524453476,0.0,,1.0,0.0,0.0,0.0,30.875,0.0,0.0,0.0,0.0,0.0,0.019586000000003878,1.0,,0.0,7.490952214260711,8.956692913385824,1.0,0.0,0.08345223362928186,0.0,-1.0,0.0,0.0,169.0,0.0,0.0,0.0,0.0,0.0,1.0,0.5739200711250305,0.0,0.0,0.0,50.0,1.0,0.0,0.0,0.0,0.0,0.0,0.0,0.0,0.0,
106.881077,0.0,0.0,359.6186989335228,0.0,0.0,0.0,,0.0,-1.0,0.0,0.7149526220316746,0.0,-0.0,0.0,-0.9093804491991335,0.0,0.0,0.0,0.0,5794.97509765625,0.0,,,0.0,,0.0,0.0,77.471913975,0.0,2.0,0.0,5795.12646484375,3.0,0.0,0.0,0.04900097846984863,0.0,0.0,0.0,0.0,0.0,0.0,0.0,,0.0,11.375,0.027677000000011276,-0.8918295003572311,0.0,0.0,,0.0,8.976377952755904,0.0,0.0,,,,0.0,0.0,13.0,0.0,0.0,-0.0,0.0,0.24246513750937568,-0.0,11.921875,12.1,89.09061955080087,0.0,,1.0,0.0,0.0,0.0,28.25,0.0,0.0,0.0,0.0,0.0,0.038032000000001176,1.0,,0.0,7.490952214260711,8.976377952755904,1.0,0.0,0.0747503257704383,0.0,-1.0,0.0,0.0,274.0,0.0,0.0,0.0,0.0,0.0,1.0,0.488874226808548,0.0,0.0,0.0,30.0,1.0,0.0,0.0,0.0,0.0,0.0,0.0,0.0,0.0,
106.926471,0.0,0.0,358.9855952482234,0.0,0.0,0.0,,0.0,-1.0,0.0,359.9033949505885,0.0,-0.0,0.0,-0.6847775070091444,0.0,0.0,0.0,0.0,5791.70751953125,0.0,,,0.0,,0.0,0.0,77.1514794375,0.0,2.0,0.0,5793.841796875,3.0,0.0,0.0,0.04900097846984863,0.0,0.0,0.0,0.0,0.0,0.0,0.0,,0.0,11.5234375,0.04539400000000171,-0.8915917940236754,0.0,0.0,,0.0,8.976377952755904,0.0,0.0,,,,0.0,0.0,15.5,0.0,0.0,-0.0,0.0,0.24377545322366134,-0.0,12.6015625,12.15,89.31522249299086,0.0,,1.0,0.0,0.0,0.0,15.09375,0.0,0.0,0.0,0.0,0.0,0.03246799999999439,1.0,,0.0,7.490952214260711,8.976377952755904,1.0,0.0,0.07867280143605296,0.0,-1.0,0.0,0.0,64.0,0.0,0.0,0.0,0.0,0.0,1.0,0.4439203143119812,0.0,0.0,0.0,35.0,1.0,0.0,0.0,0.0,0.0,0.0,0.0,0.0,0.0,
106.965856,0.0,0.0,359.76087067330707,0.0,0.0,0.0,,0.0,-1.0,0.0,0.09565146453731979,0.0,-0.0,0.0,0.0,0.0,0.0,0.0,0.0,5787.30615234375,0.0,,,0.0,,0.0,0.0,77.1514794375,0.0,2.0,0.0,5789.00634765625,3.0,0.0,0.0,0.04900097846984863,0.0,0.0,0.0,0.0,0.0,0.0,0.0,,0.0,12.390625,0.039384999999995784,-0.8885391973981581,0.0,0.0,,0.0,8.976377952755904,0.0,0.0,,,,0.0,0.0,8.75,0.0,0.0,-0.0,0.0,0.2454847326131607,-0.0,12.4921875,12.450000000000001,90.0,0.0,,1.0,0.0,0.0,0.0,30.46875,0.0,0.0,0.0,0.0,0.0,0.020372999999992203,1.0,,0.0,7.490952214260711,8.976377952755904,1.0,0.0,0.08731586864353098,0.0,-1.0,0.0,0.0,169.0,0.0,0.0,0.0,0.0,0.0,1.0,0.503304660320282,0.0,0.0,0.0,40.0,1.0,0.0,0.0,0.0,0.0,0.0,0.0,0.0,0.0,
106.993302,0.0,0.0,359.66412194854985,0.0,0.0,0.0,,0.0,-1.0,0.0,0.6717674816814319,0.0,-0.0,0.0,-0.47547273244786936,0.0,0.0,0.0,0.0,5788.11865234375,0.0,,,0.0,,0.0,0.0,77.2430321625,0.0,2.0,0.0,5787.2119140625,3.0,0.0,0.0,0.04900097846984863,0.0,0.0,0.0,0.0,0.0,0.0,0.0,,0.0,11.3125,0.02744599999999764,-0.8861935213785794,0.0,0.0,,0.0,8.917322834645667,0.0,0.0,,,,0.0,0.0,8.75,0.0,0.0,-0.0,0.0,0.24889608973159774,-0.0,12.453125,12.450000000000001,89.52452726755213,0.0,,1.0,0.0,0.0,0.0,28.125,0.0,0.0,0.0,0.0,0.0,0.030647000000001867,1.0,,0.0,7.490952214260711,8.917322834645667,1.0,0.0,0.07644572754798762,0.0,-1.0,0.0,0.0,274.0,0.0,0.0,0.0,0.0,0.0,1.0,0.49508872628211975,0.0,0.0,0.0,30.0,1.0,0.0,0.0,0.0,0.0,0.0,0.0,0.0,0.0,
107.029702,0.0,0.0,359.4686057465191,0.0,0.0,0.0,,0.0,-1.0,0.0,359.85507615788003,0.0,-0.0,0.0,-0.46019716797869137,0.0,0.0,0.0,0.0,5788.79833984375,0.0,,,0.0,,0.0,0.0,77.0599267125,0.0,2.0,0.0,5788.11865234375,3.0,0.0,0.0,0.04900097846984863,0.0,0.0,0.0,0.0,0.0,0.0,0.0,,0.0,11.921875,0.03640000000000043,-0.8899669044435027,0.0,0.0,,0.0,8.85826771653543,0.0,0.0,,,,0.0,0.0,8.75,0.0,0.0,-0.0,0.0,0.24877314155088964,-0.0,11.8359375,12.05,89.53980283202131,0.0,,1.0,0.0,0.0,0.0,28.21875,0.0,0.0,0.0,0.0,0.0,0.025250999999997248,1.0,,0.0,7.490952214260711,8.85826771653543,1.0,0.0,0.082314443046604,0.0,-1.0,0.0,0.0,37.0,0.0,0.0,0.0,0.0,0.0,1.0,0.5003372430801392,0.0,0.0,0.0,35.0,1.0,0.0,0.0,0.0,0.0,0.0,0.0,0.0,0.0,
107.061822,0.0,0.0,359.1782331197156,0.0,0.0,0.0,,0.0,-1.0,0.0,358.9365123976723,0.0,-0.0,0.0,-0.864776282290947,0.0,0.0,0.0,0.0,5787.1552734375,0.0,,,0.0,,0.0,0.0,77.0599267125,0.0,2.0,0.0,5788.4775390625,3.0,0.0,0.0,0.04900097846984863,0.0,0.0,0.0,0.0,0.0,0.0,0.0,,0.0,11.359375,0.032120000000006144,-0.888148395609556,0.0,0.0,,0.0,8.897637795275587,0.0,0.0,,,,0.0,0.0,11.875,0.0,0.0,-0.0,0.0,0.24828775245443044,-0.0,11.5390625,11.4,89.13522371770905,0.0,,1.0,0.0,0.0,0.0,32.71875,0.0,0.0,0.0,0.0,0.0,0.020381999999997902,1.0,,0.0,7.490952214260711,8.897637795275587,1.0,0.0,0.07983735942947306,0.0,-1.0,0.0,0.0,142.0,0.0,0.0,0.0,0.0,0.0,1.0,0.45037296414375305,0.0,0.0,0.0,40.0,1.0,0.0,0.0,0.0,0.0,0.0,0.0,0.0,0.0,
107.089482,0.0,0.0,359.4677081785914,0.0,0.0,0.0,,0.0,-1.0,0.0,359.85483137638863,0.0,-0.0,0.0,-0.4583564580004378,0.0,0.0,0.0,0.0,5784.88818359375,0.0,,,0.0,,0.0,0.0,77.10570307500001,0.0,2.0,0.0,5784.88818359375,3.0,0.0,0.0,0.04900097846984863,0.0,0.0,0.0,0.0,0.0,0.0,0.0,,0.0,11.890625,0.027659999999997353,-0.882651669022049,0.0,0.0,,0.0,8.956692913385822,0.0,0.0,,,,0.0,0.0,19.25,0.0,0.0,-0.0,0.0,0.2504288361906943,-0.0,12.5546875,11.3,89.54164354199956,0.0,,1.0,0.0,0.0,0.0,13.8125,0.0,0.0,0.0,0.0,0.0,0.03045299999999429,1.0,,0.0,7.490952214260711,8.956692913385822,1.0,0.0,0.0894958294202968,0.0,-1.0,0.0,0.0,247.0,0.0,0.0,0.0,0.0,0.0,1.0,0.5361583232879639,0.0,0.0,0.0,30.0,1.0,0.0,0.0,0.0,0.0,0.0,0.0,0.0,0.0,
107.126759,0.0,0.0,358.8163813277678,0.0,0.0,0.0,,0.0,-1.0,0.0,0.23670755455480574,0.0,-0.0,0.0,-1.3803540734444368,0.0,0.0,0.0,0.0,5782.470703125,0.0,,,0.0,,0.0,0.0,77.1514794375,0.0,2.0,0.0,5783.509765625,3.0,0.0,0.0,0.04900097846984863,0.0,0.0,0.0,0.0,0.0,0.0,0.0,,0.0,11.03125,0.03727700000000311,-0.8907868669924476,0.0,0.0,,0.0,8.956692913385822,0.0,0.0,,,,0.0,0.0,19.25,0.0,0.0,-0.0,0.0,0.2508920546278127,-0.0,11.4453125,11.7,88.61964592655556,0.0,,1.0,0.0,0.0,0.0,34.78125,0.0,0.0,0.0,0.0,0.0,0.025466999999991913,1.0,,0.0,7.490952214260711,8.956692913385822,1.0,0.0,0.08015410954796187,0.0,-1.0,0.0,0.0,1.0,0.0,0.0,0.0,0.0,0.0,1.0,0.4967789351940155,0.0,0.0,0.0,35.0,1.0,0.0,0.0,0.0,0.0,0.0,0.0,0.0,0.0,
107.160841,0.0,0.0,359.3214308165471,0.0,0.0,0.0,,0.0,-1.0,0.0,359.4668432505642,0.0,-0.0,0.0,-0.46962701968963927,0.0,0.0,0.0,0.0,5778.8818359375,0.0,,,0.0,,0.0,0.0,77.38036124999999,0.0,2.0,0.0,5780.2607421875,3.0,0.0,0.0,0.04900097846984863,0.0,0.0,0.0,0.0,0.0,0.0,0.0,,0.0,12.0703125,0.03408199999999795,-0.8959841969312304,0.0,0.0,,0.0,8.897637795275585,0.0,0.0,,,,0.0,0.0,21.75,0.0,0.0,-0.0,0.0,0.24573599637384447,-0.0,11.734375,12.15,89.53037298031036,0.0,,1.0,0.0,0.0,0.0,42.3125,0.0,0.0,0.0,0.0,0.0,0.023095999999995342,1.0,,0.0,7.490952214260711,8.897637795275585,1.0,0.0,0.09153754392289472,0.0,-1.0,0.0,0.0,106.0,0.0,0.0,0.0,0.0,0.0,1.0,0.47394368052482605,0.0,0.0,0.0,40.0,1.0,0.0,0.0,0.0,0.0,0.0,0.0,0.0,0.0,
107.191128,0.0,0.0,359.85519942108954,0.0,0.0,0.0,,0.0,-1.0,0.0,0.5792112356331168,0.0,-0.0,0.0,-0.22826883015341082,0.0,0.0,0.0,0.0,5779.41064453125,0.0,,,0.0,,0.0,0.0,77.38036124999999,0.0,2.0,0.0,5778.8818359375,3.0,0.0,0.0,0.04900097846984863,0.0,0.0,0.0,0.0,0.0,0.0,0.0,,0.0,11.8671875,0.030287000000001285,-0.8908543601710073,0.0,0.0,93.8,0.0,8.956692913385822,0.0,0.0,,,,0.0,0.0,21.75,0.0,0.0,-0.0,0.0,0.2469446832358713,-0.0,12.46875,12.4,89.77173116984659,0.0,64.93979978354977,1.0,0.0,0.0,0.0,46.5625,0.0,0.0,0.0,0.0,0.0,0.03252499999999259,1.0,83.5,0.0,7.490952214260711,8.956692913385822,1.0,0.0,0.07662416415045044,0.0,-1.0,0.0,0.0,214.0,0.0,0.0,0.0,0.0,0.0,1.0,0.5202662348747253,0.0,0.0,0.0,30.0,1.0,0.0,0.0,0.0,0.0,0.0,0.0,0.0,0.0,
107.230384,0.0,0.0,359.1355863220023,0.0,0.0,0.0,,0.0,-1.0,0.0,0.048021161408028736,0.0,-0.0,0.0,-0.22826883015341082,0.0,0.0,0.0,0.0,5782.6220703125,0.0,,,0.0,,0.0,0.0,77.10570307500001,0.0,2.0,0.0,5782.6220703125,3.0,0.0,0.0,0.04900097846984863,0.0,0.0,0.0,0.0,0.0,0.0,0.0,,0.0,12.078125,0.03925599999999463,-0.8937562522299767,0.0,0.0,,0.0,8.9763779527559,0.0,0.0,,,,0.0,0.0,17.0,0.0,0.0,-0.0,0.0,0.24811243913330724,-0.0,12.4765625,12.25,89.77173116984659,0.0,,1.0,0.0,0.0,0.0,38.5,0.0,0.0,0.0,0.0,0.0,0.02482100000000287,1.0,,0.0,7.490952214260711,8.9763779527559,1.0,0.0,0.08399129001489927,0.0,-1.0,0.0,0.0,5.0,0.0,0.0,0.0,0.0,0.0,1.0,0.4385146498680115,0.0,0.0,0.0,35.0,1.0,0.0,0.0,0.0,0.0,0.0,0.0,0.0,0.0,
107.263886,0.0,0.0,359.51691035819084,0.0,0.0,0.0,,0.0,-1.0,0.0,0.0,0.0,-0.0,0.0,-2.0700306530411012,0.0,0.0,0.0,0.0,5781.56396484375,0.0,,,0.0,,0.0,0.0,77.1514794375,0.0,2.0,0.0,5782.583984375,3.0,0.0,0.0,0.04900097846984863,0.0,0.0,0.0,0.0,0.0,0.0,0.0,,0.0,11.421875,0.03350199999999859,-0.8969765427312432,0.0,0.0,,0.0,8.9763779527559,0.0,0.0,,,,0.0,0.0,17.0,0.0,0.0,-0.0,0.0,0.24865737352891162,-0.0,11.3828125,11.850000000000001,87.9299693469589,0.0,,1.0,0.0,0.0,0.0,19.0,0.0,0.0,0.0,0.0,0.0,0.017471999999997934,1.0,,0.0,7.490952214260711,8.9763779527559,1.0,0.0,0.07488258929880365,0.0,-1.0,0.0,0.0,110.0,0.0,0.0,0.0,0.0,0.0,1.0,0.6098974347114563,0.0,0.0,0.0,40.0,1.0,0.0,0.0,0.0,0.0,0.0,0.0,0.0,0.0,
107.287352,0.0,0.0,359.1696856384775,0.0,0.0,0.0,,0.0,-1.0,0.0,0.09768066111366007,0.0,-0.0,0.0,-0.45113854678727705,0.0,0.0,0.0,0.0,5779.56201171875,0.0,,,0.0,,0.0,0.0,76.64793945,0.0,2.0,0.0,5781.56396484375,3.0,0.0,0.0,0.04900097846984863,0.0,0.0,0.0,0.0,0.0,0.0,0.0,,0.0,11.25,0.0234659999999991,-0.8934744156903024,0.0,0.0,,0.0,8.956692913385822,0.0,0.0,,,,0.0,0.0,16.5,0.0,0.0,-0.0,0.0,0.2504034570820252,-0.0,12.5078125,12.25,89.54886145321272,0.0,,1.0,0.0,0.0,0.0,19.03125,0.0,0.0,0.0,0.0,0.0,0.03239500000000817,1.0,,0.0,7.490952214260711,8.956692913385822,1.0,0.0,0.08790767403440529,0.0,-1.0,0.0,0.0,215.0,0.0,0.0,0.0,0.0,0.0,1.0,0.48267096281051636,0.0,0.0,0.0,30.0,1.0,0.0,0.0,0.0,0.0,0.0,0.0,0.0,0.0,
107.325724,0.0,0.0,359.3259651616781,0.0,0.0,0.0,,0.0,-1.0,0.0,0.14443284063170095,0.0,-0.0,0.0,-1.9901722497548917,0.0,0.0,0.0,0.0,5778.18310546875,0.0,,,0.0,,0.0,0.0,77.2430321625,0.0,2.0,0.0,5778.1640625,3.0,0.0,0.0,0.04900097846984863,0.0,0.0,0.0,0.0,0.0,0.0,0.0,,0.0,12.046875,0.03837199999999541,-0.9006059064149073,0.0,0.0,,0.0,8.85826771653543,0.0,0.0,,,,0.0,0.0,16.5,0.0,0.0,-0.0,0.0,0.24963691846175662,-0.0,11.9375,11.8,88.00982775024511,0.0,,1.0,0.0,0.0,0.0,29.03125,0.0,0.0,0.0,0.0,0.0,0.01972000000000662,1.0,,0.0,7.490952214260711,8.85826771653543,1.0,0.0,0.07591777215632524,0.0,-1.0,0.0,0.0,320.0,0.0,0.0,0.0,0.0,0.0,1.0,0.5117912888526917,0.0,0.0,0.0,35.0,1.0,0.0,0.0,0.0,0.0,0.0,0.0,0.0,0.0,
107.378076,0.0,0.0,359.47611368383383,0.0,0.0,0.0,,0.0,-1.0,0.0,0.095250759172247,0.0,-0.0,0.0,-2.0535505635109956,0.0,0.0,0.0,0.0,5779.54296875,0.0,,,0.0,,0.0,0.0,77.19725580000001,0.0,2.0,0.0,5779.22216796875,3.0,0.0,0.0,0.04900097846984863,0.0,0.0,0.0,0.0,0.0,0.0,0.0,,0.0,11.921875,0.052351999999999066,-0.901601415645647,0.0,0.0,,0.0,8.85826771653543,0.0,0.0,,,,0.0,0.0,7.875,0.0,0.0,-0.0,0.0,0.2533782490600473,-0.0,11.6328125,11.45,87.946449436489,0.0,,1.0,0.0,0.0,0.0,29.375,0.0,0.0,0.0,0.0,0.0,0.014016000000012241,1.0,,0.0,7.490952214260711,8.85826771653543,1.0,0.0,0.0790936859623795,0.0,-1.0,0.0,0.0,100.0,0.0,0.0,0.0,0.0,0.0,1.0,0.49555057287216187,0.0,0.0,0.0,40.0,1.0,0.0,0.0,0.0,0.0,0.0,0.0,0.0,0.0,
107.39647,0.0,0.0,359.66382155924356,0.0,0.0,0.0,,0.0,-1.0,0.0,359.71184747768683,0.0,-0.0,0.0,-0.22293965119752102,0.0,0.0,0.0,0.0,5778.220703125,0.0,,,0.0,,0.0,0.0,76.87682126250002,0.0,2.0,0.0,5779.54296875,3.0,0.0,0.0,0.04900097846984863,0.0,0.0,0.0,0.0,0.0,0.0,0.0,,0.0,11.3515625,0.018394000000000688,-0.8940041262201739,0.0,0.0,,0.0,8.877952755905508,0.0,0.0,,,,0.0,0.0,7.875,0.0,0.0,-0.0,0.0,0.2522296054458837,-0.0,11.6328125,11.45,89.77706034880248,0.0,,1.0,0.0,0.0,0.0,27.78125,0.0,0.0,0.0,0.0,0.0,0.017087000000003627,1.0,,0.0,7.490952214260711,8.877952755905508,1.0,0.0,0.08110648504990273,0.0,-1.0,0.0,0.0,205.0,0.0,0.0,0.0,0.0,0.0,1.0,0.5358933210372925,0.0,0.0,0.0,30.0,1.0,0.0,0.0,0.0,0.0,0.0,0.0,0.0,0.0,
107.418204,0.0,0.0,359.1377840864584,0.0,0.0,0.0,,0.0,-1.0,0.0,0.47899629574613883,0.0,-0.0,0.0,0.0,0.0,0.0,0.0,0.0,5775.9541015625,0.0,,,0.0,,0.0,0.0,77.2430321625,0.0,2.0,0.0,5778.220703125,3.0,0.0,0.0,0.04900097846984863,0.0,0.0,0.0,0.0,0.0,0.0,0.0,,0.0,11.4609375,0.021734000000009246,-0.8912867982962123,0.0,0.0,,0.0,8.897637795275585,0.0,0.0,,,,0.0,0.0,7.875,0.0,0.0,-0.0,0.0,0.25420375503074333,-0.0,12.546875,11.65,90.0,0.0,,1.0,0.0,0.0,0.0,12.875,0.0,0.0,0.0,0.0,0.0,0.01678900000000283,1.0,,0.0,7.490952214260711,8.897637795275585,1.0,0.0,0.08222381471158881,0.0,-1.0,0.0,0.0,310.0,0.0,0.0,0.0,0.0,0.0,1.0,0.46296727657318115,0.0,0.0,0.0,35.0,1.0,0.0,0.0,0.0,0.0,0.0,0.0,0.0,0.0,
107.439344,0.0,0.0,358.41563392658463,0.0,0.0,0.0,,0.0,-1.0,0.0,359.32791489421555,0.0,-0.0,0.0,-1.1550003680447674,0.0,0.0,0.0,0.0,5774.42431640625,0.0,,,0.0,,0.0,0.0,77.2430321625,0.0,2.0,0.0,5775.9541015625,3.0,0.0,0.0,0.04900097846984863,0.0,0.0,0.0,0.0,0.0,0.0,0.0,,0.0,12.40625,0.0211400000000026,-0.8936102126372774,0.0,0.0,,0.0,8.897637795275585,0.0,0.0,,,,0.0,0.0,17.0,0.0,0.0,-0.0,0.0,0.25226934461560296,-0.0,12.5,12.450000000000001,88.84499963195523,0.0,,1.0,0.0,0.0,0.0,18.9375,0.0,0.0,0.0,0.0,0.0,0.013897000000000048,1.0,,0.0,7.490952214260711,8.897637795275585,1.0,0.0,0.08316384469771829,0.0,-1.0,0.0,0.0,415.0,0.0,0.0,0.0,0.0,0.0,1.0,0.5796571373939514,0.0,0.0,0.0,40.0,1.0,0.0,0.0,0.0,0.0,0.0,0.0,0.0,0.0,
107.457512,0.0,0.0,359.2310022925889,0.0,0.0,0.0,,0.0,-1.0,0.0,359.5193851953655,0.0,-0.0,0.0,-1.616790310673224,0.0,0.0,0.0,0.0,5774.3486328125,0.0,,,0.0,,0.0,0.0,76.922597625,0.0,2.0,0.0,5774.42431640625,3.0,0.0,0.0,0.04900097846984863,0.0,0.0,0.0,0.0,0.0,0.0,0.0,,0.0,12.1171875,0.018167999999988638,-0.8967915675954434,0.0,0.0,,0.0,8.917322834645663,0.0,0.0,,,,0.0,0.0,17.0,0.0,0.0,-0.0,0.0,0.25183344685003534,-0.0,11.9765625,12.5,88.38320968932678,0.0,,1.0,0.0,0.0,0.0,31.25,0.0,0.0,0.0,0.0,0.0,0.015088000000005763,1.0,,0.0,7.490952214260711,8.917322834645663,1.0,0.0,0.07685408948124862,0.0,-1.0,0.0,0.0,37.0,0.0,0.0,0.0,0.0,0.0,1.0,0.5539944767951965,0.0,0.0,0.0,45.0,1.0,0.0,0.0,0.0,0.0,0.0,0.0,0.0,0.0,
107.476869,0.0,0.0,359.5245592713229,0.0,0.0,0.0,,0.0,-1.0,0.0,0.665624238658625,0.0,-0.0,0.0,-0.46392329862608506,0.0,0.0,0.0,0.0,5775.21728515625,0.0,,,0.0,,0.0,0.0,76.5106103625,0.0,2.0,0.0,5774.3486328125,3.0,0.0,0.0,0.04900097846984863,0.0,0.0,0.0,0.0,0.0,0.0,0.0,,0.0,11.9609375,0.019356999999999402,-0.8980061640001252,0.0,0.0,,0.0,8.937007874015741,0.0,0.0,,,,0.0,0.0,17.0,0.0,0.0,-0.0,0.0,0.25512708305272164,-0.0,12.453125,12.450000000000001,89.53607670137391,0.0,,1.0,0.0,0.0,0.0,29.8125,0.0,0.0,0.0,0.0,0.0,0.016649000000001024,1.0,,0.0,7.490952214260711,8.937007874015741,1.0,0.0,0.09152826563610708,0.0,-1.0,0.0,0.0,142.0,0.0,0.0,0.0,0.0,0.0,1.0,0.4777021110057831,0.0,0.0,0.0,50.0,1.0,0.0,0.0,0.0,0.0,0.0,0.0,0.0,0.0,
107.500326,0.0,0.0,359.5132172651624,0.0,0.0,0.0,,0.0,-1.0,0.0,359.9026445116429,0.0,-0.0,0.0,-0.9203349668490546,0.0,0.0,0.0,0.0,5775.7841796875,0.0,,,0.0,,0.0,0.0,77.1514794375,0.0,2.0,0.0,5775.21728515625,3.0,0.0,0.0,0.04900097846984863,0.0,0.0,0.0,0.0,0.0,0.0,0.0,,0.0,12.3359375,0.02345700000000761,-0.8993931705882012,0.0,0.0,,0.0,8.917322834645663,0.0,0.0,,,,0.0,0.0,9.625,0.0,0.0,-0.0,0.0,0.24954832348007203,-0.0,12.2265625,12.25,89.07966503315095,0.0,,1.0,0.0,0.0,0.0,26.53125,0.0,0.0,0.0,0.0,0.0,0.020448999999999273,1.0,,0.0,7.490952214260711,8.917322834645663,1.0,0.0,0.0810235005230429,0.0,-1.0,0.0,0.0,247.0,0.0,0.0,0.0,0.0,0.0,1.0,0.5012429356575012,0.0,0.0,0.0,40.0,1.0,0.0,0.0,0.0,0.0,0.0,0.0,0.0,0.0,
107.526522,0.0,0.0,359.1957628606611,0.0,0.0,0.0,,0.0,-1.0,0.0,0.473070462172331,0.0,-0.0,0.0,-1.3915266525478245,0.0,0.0,0.0,0.0,5775.36865234375,0.0,,,0.0,,0.0,0.0,77.288808525,0.0,2.0,0.0,5775.7841796875,3.0,0.0,0.0,0.04900097846984863,0.0,0.0,0.0,0.0,0.0,0.0,0.0,,0.0,11.859375,0.026195999999998776,-0.8954023632766009,0.0,0.0,,0.0,8.917322834645663,0.0,0.0,,,,0.0,0.0,9.625,0.0,0.0,-0.0,0.0,0.25212524703318573,-0.0,11.734375,11.75,88.60847334745218,0.0,,1.0,0.0,0.0,0.0,29.625,0.0,0.0,0.0,0.0,0.0,0.020915000000002237,1.0,,0.0,7.490952214260711,8.917322834645663,1.0,0.0,0.09254277375727211,0.0,-1.0,0.0,0.0,352.0,0.0,0.0,0.0,0.0,0.0,1.0,0.5009366273880005,0.0,0.0,0.0,45.0,1.0,0.0,0.0,0.0,0.0,0.0,0.0,0.0,0.0,
107.554195,0.0,0.0,359.2341914276117,0.0,0.0,0.0,,0.0,-1.0,0.0,0.19144677845937785,0.0,-0.0,0.0,-1.803995116200582,0.0,0.0,0.0,0.0,5771.62841796875,0.0,,,0.0,,0.0,0.0,77.38036124999999,0.0,2.0,0.0,5773.9521484375,3.0,0.0,0.0,0.04900097846984863,0.0,0.0,0.0,0.0,0.0,0.0,0.0,,0.0,11.953125,0.027673000000007164,-0.9007373213527218,0.0,0.0,,0.0,8.917322834645663,0.0,0.0,,,,0.0,0.0,15.375,0.0,0.0,-0.0,0.0,0.2505527641516228,-0.0,12.1328125,12.05,88.19600488379942,0.0,,1.0,0.0,0.0,0.0,21.15625,0.0,0.0,0.0,0.0,0.0,0.03243399999999497,1.0,,0.0,7.490952214260711,8.917322834645663,1.0,0.0,0.08862690210853064,0.0,-1.0,0.0,0.0,37.0,0.0,0.0,0.0,0.0,0.0,1.0,0.4811827838420868,0.0,0.0,0.0,50.0,1.0,0.0,0.0,0.0,0.0,0.0,0.0,0.0,0.0,
107.593647,0.0,0.0,359.3276599693974,0.0,0.0,0.0,,0.0,-1.0,0.0,0.14406969146523302,0.0,-0.0,0.0,-0.44072807276101855,0.0,0.0,0.0,0.0,5768.79541015625,0.0,,,0.0,,0.0,0.0,77.10570307500001,0.0,2.0,0.0,5768.79541015625,3.0,0.0,0.0,0.04900097846984863,0.0,0.0,0.0,0.0,0.0,0.0,0.0,,0.0,12.3203125,0.039451999999997156,-0.8976812329542814,0.0,0.0,,0.0,8.917322834645663,0.0,0.0,,,,0.0,0.0,15.375,0.0,0.0,-0.0,0.0,0.24881725927982812,-0.0,12.34375,12.35,89.55927192723898,0.0,,1.0,0.0,0.0,0.0,6.0625,0.0,0.0,0.0,0.0,0.0,0.019216000000000122,1.0,,0.0,7.490952214260711,8.917322834645663,1.0,0.0,0.08250885300507978,0.0,-1.0,0.0,0.0,142.0,0.0,0.0,0.0,0.0,0.0,1.0,0.5717384815216064,0.0,0.0,0.0,40.0,1.0,0.0,0.0,0.0,0.0,0.0,0.0,0.0,0.0,
107.622422,0.0,0.0,359.08458474793537,0.0,0.0,0.0,,0.0,-1.0,0.0,359.2291335250133,0.0,-0.0,0.0,-0.6793647554652438,0.0,0.0,0.0,0.0,5762.78857421875,0.0,,,0.0,,0.0,0.0,77.10570307500001,0.0,2.0,0.0,5765.8486328125,3.0,0.0,0.0,0.04900097846984863,0.0,0.0,0.0,0.0,0.0,0.0,0.0,,0.0,12.375,0.028774999999995998,-0.9006312957631615,0.0,0.0,,0.0,8.917322834645663,0.0,0.0,,,,0.0,0.0,7.75,0.0,0.0,-0.0,0.0,0.2478964336754325,-0.0,12.46875,12.450000000000001,89.32063524453476,0.0,,1.0,0.0,0.0,0.0,1.59375,0.0,0.0,0.0,0.0,0.0,0.02121400000000051,1.0,,0.0,7.490952214260711,8.917322834645663,1.0,0.0,0.08396253207356877,0.0,-1.0,0.0,0.0,247.0,0.0,0.0,0.0,0.0,0.0,1.0,0.4486313760280609,0.0,0.0,0.0,45.0,1.0,0.0,0.0,0.0,0.0,0.0,0.0,0.0,0.0,
