TIME,Shooter Actual RPM,Right Intern Moter Current,Drivetrain Left Wheel Actual Speed,Battery Voltage,Distance Sensor Raw Voltage,Hopper Spark Left Current,roboRIO JVM Memory Load,Climber Lower Limit Switch,Color Sensor Blue Intensity,Shooter Desired RPM,Drivetrain Left Wheel Desired Speed,Rotate to Color,Color Needed,Shooter State Command,Raspberry Pi Duration,Right Climber Current,Pneumatics Compressor Current,Hopper Spark Left Cmd,Raspberry Pi Angle,Raspberry Pi Stable Target,Hopper Spark Right Cmd,Main Loop Process Duration,Left Climber Current,botDesPoseY,roboRIO CPU Load,botDesPoseX,Distance Sensor Available,botDesPoseT,Left Intern Moter Current,Intake Motor Current,Pneumatics Main System Pressure,Drivetrain Heading Correction Command,Climber Command,Left Master Moter Current,Pneumatics Cutoff Switch State,Drivetrain Right Motor Output Duty Cycle,Raspberry Pi Framerate,Color Sensor Match Color,Color Sensor Red Intensity,Panel 3.25 spin,Hopper Spark Right Current,Dataserver File Logger Queue Length,Drivetrain Right Wheel Desired Speed,DT_Pose_Angle,Intake Speed State,Main Loop Call Period,Shooter Motor 1 Current,Shooter Motor 2 Current,Color Sensor Green Intensity,roboRIO Sys Memory Load,Robot CAN Bus Utilization,Right Master Moter Current,Distance Sensor Distance,Photon Cannon State,Robot Brownout,Dataserver Stored Samples,Shooter Under Load,Drivetrain Right Wheel Actual Speed,botActPoseT,Raspberry Pi Visible Target,botActPoseX,botActPoseY,Intake Position State,Battery Current Draw,Drivetrain Left Motor output Duty Cycle,Shooter Control Mode,Climber Upper Limit Switch,
sec,RPM,Amps,RPM,V,V,Amp,Pct,boolean,intensity,RPM,RPM,degrees,Color,state,sec,Amp,A,Cmd,deg,boolean,Cmd,sec,Amp,ft,Pct,ft,bool,deg,Amps,A,psi,RPM,CMD,Amps,bool,pct,fps,color,intensity,degrees,Amp,count,RPM,deg,state,sec,A,A,intensity,Pct,pct,Amps,in,bool,bool,count,boolean,RPM,deg,boolean,ft,ft,state,A,pct,state,boolean,
30.70492,,,,,,,,,,,,,,,,,,,,,,0.04933199999999971,,,,,,,,,,,,,,,,,,,,,,,,,,,,,,,,,,,,,,,,,,,,,,
30.784705,,,,,,,,,,,,,,,,,0.5,,,,,,,,,,,,,,132.6324307875,,,,0.0,,,,,,,,,,,0.07978499999999755,,,,,,,,,,,,,,,,,,,,,,
30.785195,,,,,,,,,,,,,,,,,,,,,,,,,,,,,,,,,,,,,,,,,,,,,,,,,,,,,,0.0,,,,,,,,,,,,,,
30.784705,,87.96875,0.0,11.75,,0.0,,1.0,0.0,,0.0,0.0,-1.0,,0.5551145076751709,0.0,,0.0,-1.0,0.0,0.0,0.053184000000001674,0.0,,,,,,87.96875,,,0.0,0.0,87.96875,,1.2207403779029846E-4,1.9668418438954713,-1.0,0.0,0.0,0.0,14.0,0.0,0.0,,,,,0.0,,0.12471752613782883,87.96875,,,0.0,0.0,,0.0,,0.0,,,,0.0,1.5259254723787308E-4,,1.0,
30.839883,,,,,,,,,,,,,,,,,0.5,,,,,,,,,,,,,,132.67820715,,,,0.0,,,,,,,,,,,0.055178000000001504,,,,,,,,,,,,,,,,,,,,,,
30.840308,,,,,,,,,,,,,,,,,,,,,,,,,,,,,,,,,,,,,,,,,,,,,,,,,,,,,,0.0,,,,,,,,,,,,,,
30.839883,,87.96875,0.0,11.75,,0.0,,1.0,0.0,,0.0,0.0,-1.0,,0.5551145076751709,0.0,,0.0,-1.0,0.0,0.0,0.05806300000000064,0.0,,,,,,87.96875,,,0.0,0.0,87.96875,,1.2207403779029846E-4,1.9668418438954713,-1.0,0.0,0.0,0.0,14.0,0.0,0.0,,,,,0.0,,0.1105986163020134,87.96875,,,0.0,0.0,,0.0,,0.0,,,,0.0,1.5259254723787308E-4,,1.0,
30.899857,,,,,,,,,,,,,,,,,0.5,,,,,,,,,,,,,,132.67820715,,,,0.0,,,,,,,,,,,0.059974000000000416,,,,,,,,,,,,,,,,,,,,,,
30.900339,,,,,,,,,,,,,,,,,,,,,,,,,,,,,,,,,,,,,,,,,,,,,,,,,,,,,,0.0,,,,,,,,,,,,,,
30.899857,,87.96875,0.0,11.75,,0.0,,1.0,0.0,,0.0,0.0,-1.0,,0.14230108261108398,0.0,,0.0,-1.0,0.0,0.0,0.0519539999999985,0.0,,,,,,87.96875,,,0.0,0.0,87.96875,,0.0014954069629311562,1.7873962328475241,-1.0,0.0,0.0,0.0,59.0,0.0,0.0,,,,,0.0,,0.1260998696088791,87.96875,,,0.0,0.0,,0.0,,0.0,,,,0.0,0.0015259254723787308,,1.0,
30.953892,,,,,,,,,,,,,,,,,0.5,,,,,,,,,,,,,,132.67820715,,,,0.0,,,,,,,,,,,0.054034999999998945,,,,,,,,,,,,,,,,,,,,,,
30.954268,,,,,,,,,,,,,,,,,,,,,,,,,,,,,,,,,,,,,,,,,,,,,,,,,,,,,,0.0,,,,,,,,,,,,,,
30.953892,,87.96875,0.0,11.75,,0.0,,1.0,0.0,,0.0,0.0,-1.0,,0.14230108261108398,0.0,,0.0,-1.0,0.0,0.0,0.05098699999999923,0.0,,,,,,87.96875,,,0.0,0.0,87.96875,,1.2207403779029846E-4,1.7873962328475241,-1.0,0.0,0.0,0.0,14.0,0.0,0.0,,,,,0.0,,0.12330393493175507,87.96875,,,0.0,0.0,,0.0,,0.0,,,,0.0,1.5259254723787308E-4,,1.0,
31.006506,,,,,,,,,,,,,,,,,0.5,,,,,,,,,,,,,,132.67820715,,,,0.0,,,,,,,,,,,0.05261400000000194,,,,,,,,,,,,,,,,,,,,,,
31.007087,,,,,,,,,,,,,,,,,,,,,,,,,,,,,,,,,,,,,,,,,,,,,,,,,,,,,,0.0,,,,,,,,,,,,,,
31.006506,,87.96875,0.0,11.75,,0.0,,1.0,0.0,,0.0,0.0,-1.0,,0.14230108261108398,0.0,,0.0,-1.0,0.0,0.0,0.05329699999999704,0.0,,,,,,87.96875,,,0.0,0.0,87.96875,,0.0014954069629311562,1.7873962328475241,-1.0,0.0,0.0,0.0,59.0,0.0,0.0,,,,,0.0,,0.1187940388917923,87.96875,,,0.0,0.0,,0.0,,0.0,,,,0.0,0.0015259254723787308,,1.0,
31.061978,,,,,,,,,,,,,,,,,0.5,,,,,,,,,,,,,,132.6324307875,,,,0.0,,,,,,,,,,,0.05547199999999819,,,,,,,,,,,,,,,,,,,,,,
31.062271,,,,,,,,,,,,,,,,,,,,,,,,,,,,,,,,,,,,,,,,,,,,,,,,,,,,,,0.0,,,,,,,,,,,,,,
31.061978,,87.96875,0.0,11.75,,0.0,78.64254948680352,1.0,0.0,,0.0,0.0,-1.0,,0.16132569313049316,0.0,,0.0,-1.0,0.0,0.0,0.054718000000001155,0.0,,84.3,,,,87.96875,,,0.0,0.0,87.96875,,1.2207403779029846E-4,6.818820140235764,-1.0,0.0,0.0,0.0,14.0,0.0,0.0,,,,,0.0,88.5,0.1300053745508194,87.96875,,,0.0,0.0,,0.0,,0.0,,,,0.0,1.5259254723787308E-4,,1.0,
31.118260999999997,,,,,,,,,,,,,,,,,0.5,,,,,,,,,,,,,,132.67820715,,,,0.0,,,,,,,,,,,0.05628300000000053,,,,,,,,,,,,,,,,,,,,,,
31.118574,,,,,,,,,,,,,,,,,,,,,,,,,,,,,,,,,,,,,,,,,,,,,,,,,,,,,,0.0,,,,,,,,,,,,,,
31.118260999999997,,87.96875,0.0,11.75,,0.0,,1.0,0.0,,0.0,0.0,-1.0,,0.16132569313049316,0.0,,0.0,-1.0,0.0,0.0,0.0668779999999991,0.0,,,,,,87.96875,,,0.0,0.0,87.96875,,0.0014954069629311562,6.818820140235764,-1.0,0.0,0.0,0.0,59.0,0.0,0.0,,,,,0.0,,0.1033167764544487,87.96875,,,0.0,0.0,,0.0,,0.0,,,,0.0,0.0015259254723787308,,1.0,
31.19254,,,,,,,,,,,,,,,,,0.5,,,,,,,,,,,,,,132.67820715,,,,0.0,,,,,,,,,,,0.07427900000000065,,,,,,,,,,,,,,,,,,,,,,
31.193355,,,,,,,,,,,,,,,,,,,,,,,,,,,,,,,,,,,,,,,,,,,,,,,,,,,,,,0.0,,,,,,,,,,,,,,
31.19254,,87.96875,0.0,11.75,,0.0,,1.0,0.0,,0.0,0.0,-1.0,,0.16132569313049316,0.0,,0.0,-1.0,0.0,0.0,0.055384999999997575,0.0,,,,,,87.96875,,,0.0,0.0,87.96875,,1.2207403779029846E-4,6.818820140235764,-1.0,0.0,0.0,0.0,14.0,0.0,0.0,,,,,0.0,,0.14369931817054749,87.96875,,,0.0,0.0,,0.0,,0.0,,,,0.0,1.5259254723787308E-4,,1.0,
31.249973,,,,,,,,,,,,,,,,,0.5,,,,,,,,,,,,,,132.67820715,,,,0.0,,,,,,,,,,,0.05743299999999962,,,,,,,,,,,,,,,,,,,,,,
31.251718,,,,,,,,,,,,,,,,,,,,,,,,,,,,,,,,,,,,,,,,,,,,,,,,,,,,,,0.0,,,,,,,,,,,,,,
31.249973,,87.96875,0.0,11.75,,0.0,,1.0,0.0,,0.0,0.0,-1.0,,0.16132569313049316,0.0,,0.0,-1.0,0.0,0.0,0.054859000000000435,0.0,,,,,,87.96875,,,0.0,0.0,87.96875,,0.0014954069629311562,6.818820140235764,-1.0,0.0,0.0,0.0,3.0,0.0,0.0,,,,,0.0,,0.10487581789493561,87.96875,,,0.0,0.0,,0.0,,0.0,,,,0.0,0.0015259254723787308,,1.0,
31.306533,,,,,,,,,,,,,,,,,0.5,,,,,,,,,,,,,,132.67820715,,,,0.0,,,,,,,,,,,0.056560000000001054,,,,,,,,,,,,,,,,,,,,,,
31.306918,,,,,,,,,,,,,,,,,,,,,,,,,,,,,,,,,,,,,,,,,,,,,,,,,,,,,,0.0,,,,,,,,,,,,,,
31.306533,,87.96875,0.0,11.75,,0.0,,1.0,0.0,,0.0,0.0,-1.0,,0.2196652889251709,0.0,,0.0,-1.0,0.0,0.0,0.05287099999999967,0.0,,,,,,87.96875,,,0.0,0.0,87.96875,,0.0011597033590078354,6.035247666079589,-1.0,0.0,0.0,0.0,48.0,0.0,0.0,,,,,0.0,,0.12480530887842178,87.96875,,,0.0,0.0,,0.0,,0.0,,,,0.0,0.00119022186845541,,1.0,
31.361482,,,,,,,,,,,,,,,,,0.5,,,,,,,,,,,,,,132.67820715,,,,0.0,,,,,,,,,,,0.05494899999999703,,,,,,,,,,,,,,,,,,,,,,
31.361771,,,,,,,,,,,,,,,,,,,,,,,,,,,,,,,,,,,,,,,,,,,,,,,,,,,,,,0.0,,,,,,,,,,,,,,
31.361482,,87.96875,0.0,11.75,,0.0,,1.0,0.0,,0.0,0.0,-1.0,,0.2196652889251709,0.0,,0.0,-1.0,0.0,0.0,0.05799400000000077,0.0,,,,,,87.96875,,,0.0,0.0,87.96875,,1.2207403779029846E-4,6.035247666079589,-1.0,0.0,0.0,0.0,14.0,0.0,0.0,,,,,0.0,,0.1178419217467308,87.96875,,,0.0,0.0,,0.0,,0.0,,,,0.0,1.5259254723787308E-4,,1.0,
31.421529,,,,,,,,,,,,,,,,,0.5,,,,,,,,,,,,,,132.67820715,,,,0.0,,,,,,,,,,,0.06004700000000085,,,,,,,,,,,,,,,,,,,,,,
31.421828,,,,,,,,,,,,,,,,,,,,,,,,,,,,,,,,,,,,,,,,,,,,,,,,,,,,,,0.0,,,,,,,,,,,,,,
31.421529,,87.96875,0.0,11.75,,0.0,,1.0,0.0,,0.0,0.0,-1.0,,0.2196652889251709,0.0,,0.0,-1.0,0.0,0.0,0.0522999999999989,0.0,,,,,,87.96875,,,0.0,0.0,87.96875,,0.0014954069629311562,6.035247666079589,-1.0,0.0,0.0,0.0,59.0,0.0,0.0,,,,,0.0,,0.11955701559782028,87.96875,,,0.0,0.0,,0.0,,0.0,,,,0.0,0.0015259254723787308,,1.0,
31.475484,,,,,,,,,,,,,,,,,0.5,,,,,,,,,,,,,,132.67820715,,,,0.0,,,,,,,,,,,0.053955000000001974,,,,,,,,,,,,,,,,,,,,,,
31.475773,,,,,,,,,,,,,,,,,,,,,,,,,,,,,,,,,,,,,,,,,,,,,,,,,,,,,,0.0,,,,,,,,,,,,,,
31.475484,,87.96875,0.0,11.75,,0.0,,1.0,0.0,,0.0,0.0,-1.0,,0.2196652889251709,0.0,,0.0,-1.0,0.0,0.0,0.05139999999999745,0.0,,,,,,87.96875,,,0.0,0.0,87.96875,,1.2207403779029846E-4,6.035247666079589,-1.0,0.0,0.0,0.0,14.0,0.0,0.0,,,,,0.0,,0.12602730095386505,87.96875,,,0.0,0.0,,0.0,,0.0,,,,0.0,1.5259254723787308E-4,,1.0,
31.528541,,,,,,,,,,,,,,,,,0.5,,,,,,,,,,,,,,132.6324307875,,,,0.0,,,,,,,,,,,0.05305699999999902,,,,,,,,,,,,,,,,,,,,,,
31.530329,,,,,,,,,,,,,,,,,,,,,,,,,,,,,,,,,,,,,,,,,,,,,,,,,,,,,,0.0,,,,,,,,,,,,,,
31.528541,,87.96875,0.0,11.75,,0.0,,1.0,0.0,,0.0,0.0,-1.0,,0.2196652889251709,0.0,,0.0,-1.0,0.0,0.0,0.05260399999999876,0.0,,,,,,87.96875,,,0.0,0.0,87.96875,,0.0014954069629311562,6.035247666079589,-1.0,0.0,0.0,0.0,59.0,0.0,0.0,,,,,0.0,,0.12485487014055252,87.96875,,,0.0,0.0,,0.0,,0.0,,,,0.0,0.0015259254723787308,,1.0,
31.582418,,,,,,,,,,,,,,,,,0.5,,,,,,,,,,,,,,132.6324307875,,,,0.0,,,,,,,,,,,0.05387699999999995,,,,,,,,,,,,,,,,,,,,,,
31.582608,,,,,,,,,,,,,,,,,,,,,,,,,,,,,,,,,,,,,,,,,,,,,,,,,,,,,,0.0,,,,,,,,,,,,,,
31.582418,,87.96875,0.0,11.75,,0.0,,1.0,0.0,,0.0,0.0,-1.0,,0.2196652889251709,0.0,,0.0,-1.0,0.0,0.0,0.05352800000000002,0.0,,,,,,87.96875,,,0.0,0.0,87.96875,,1.2207403779029846E-4,6.035247666079589,-1.0,0.0,0.0,0.0,14.0,0.0,0.0,,,,,0.0,,0.11677979677915573,87.96875,,,0.0,0.0,,0.0,,0.0,,,,0.0,1.5259254723787308E-4,,1.0,
31.637667,,,,,,,,,,,,,,,,,0.5,,,,,,,,,,,,,,132.67820715,,,,0.0,,,,,,,,,,,0.05524899999999988,,,,,,,,,,,,,,,,,,,,,,
31.637952,,,,,,,,,,,,,,,,,,,,,,,,,,,,,,,,,,,,,,,,,,,,,,,,,,,,,,0.0,,,,,,,,,,,,,,
31.637667,,87.96875,0.0,11.75,,0.0,,1.0,0.0,,0.0,0.0,-1.0,,0.2196652889251709,0.0,,0.0,-1.0,0.0,0.0,0.054790999999998036,0.0,,,,,,87.96875,,,0.0,0.0,87.96875,,0.0014954069629311562,6.035247666079589,-1.0,0.0,0.0,0.0,59.0,0.0,0.0,,,,,0.0,,0.110933817923069,87.96875,,,0.0,0.0,,0.0,,0.0,,,,0.0,0.0015259254723787308,,1.0,
31.694247,,,,,,,,,,,,,,,,,0.5,,,,,,,,,,,,,,132.67820715,,,,0.0,,,,,,,,,,,0.0565800000000003,,,,,,,,,,,,,,,,,,,,,,
31.694533,,,,,,,,,,,,,,,,,,,,,,,,,,,,,,,,,,,,,,,,,,,,,,,,,,,,,,0.0,,,,,,,,,,,,,,
31.694247,,87.96875,0.0,11.75,,0.0,,1.0,0.0,,0.0,0.0,-1.0,,0.3479025363922119,0.0,,0.0,-1.0,0.0,0.0,0.054310999999998444,0.0,,,,,,87.96875,,,0.0,0.0,87.96875,,1.2207403779029846E-4,4.460715789831922,-1.0,0.0,0.0,0.0,14.0,0.0,0.0,,,,,0.0,,0.14042484760284424,87.96875,,,0.0,0.0,,0.0,,0.0,,,,0.0,1.5259254723787308E-4,,1.0,
31.751846,,,,,,,,,,,,,,,,,0.5,,,,,,,,,,,,,,132.67820715,,,,0.0,,,,,,,,,,,0.057598999999999734,,,,,,,,,,,,,,,,,,,,,,
31.75234,,,,,,,,,,,,,,,,,,,,,,,,,,,,,,,,,,,,,,,,,,,,,,,,,,,,,,0.0,,,,,,,,,,,,,,
31.751846,,87.96875,0.0,11.8,,0.0,,1.0,0.0,,0.0,0.0,-1.0,,0.3479025363922119,0.0,,0.0,-1.0,0.0,0.0,0.0498340000000006,0.0,,,,,,87.96875,,,0.0,0.0,87.96875,,0.0014954069629311562,4.460715789831922,-1.0,0.0,0.0,0.0,59.0,0.0,0.0,,,,,0.0,,0.10970766097307205,87.96875,,,0.0,0.0,,0.0,,0.0,,,,0.0,0.0015259254723787308,,1.0,
31.831171,,,,,,,,,,,,,,,,,0.5,,,,,,,,,,,,,,132.67820715,,,,0.0,,,,,,,,,,,0.07932500000000076,,,,,,,,,,,,,,,,,,,,,,
31.83169,,,,,,,,,,,,,,,,,,,,,,,,,,,,,,,,,,,,,,,,,,,,,,,,,,,,,,0.0,,,,,,,,,,,,,,
31.831171,,87.96875,0.0,11.75,,0.0,,1.0,0.0,,0.0,0.0,-1.0,,0.3479025363922119,0.0,,0.0,-1.0,0.0,0.0,0.055702999999997616,0.0,,,,,,87.96875,,,0.0,0.0,87.96875,,9.765923023223877E-4,4.460715789831922,-1.0,0.0,0.0,0.0,42.0,0.0,0.0,,,,,0.0,,0.12621484696865082,87.96875,,,0.0,0.0,,0.0,,0.0,,,,0.0,0.0010071108117699623,,1.0,
31.892868,,,,,,,,,,,,,,,,,0.5,,,,,,,,,,,,,,132.67820715,,,,0.0,,,,,,,,,,,0.06169699999999878,,,,,,,,,,,,,,,,,,,,,,
31.893182,,,,,,,,,,,,,,,,,,,,,,,,,,,,,,,,,,,,,,,,,,,,,,,,,,,,,,0.0,,,,,,,,,,,,,,
31.892868,,87.96875,0.0,11.75,,0.0,,1.0,0.0,,0.0,0.0,-1.0,,0.3479025363922119,0.0,,0.0,-1.0,0.0,0.0,0.049403999999999115,0.0,,,,,,87.96875,,,0.0,0.0,87.96875,,1.2207403779029846E-4,4.460715789831922,-1.0,0.0,0.0,0.0,14.0,0.0,0.0,,,,,0.0,,0.109711192548275,87.96875,,,0.0,0.0,,0.0,,0.0,,,,0.0,1.5259254723787308E-4,,1.0,
31.944518,,,,,,,,,,,,,,,,,0.5,,,,,,,,,,,,,,132.67820715,,,,0.0,,,,,,,,,,,0.05164999999999864,,,,,,,,,,,,,,,,,,,,,,
31.944805,,,,,,,,,,,,,,,,,,,,,,,,,,,,,,,,,,,,,,,,,,,,,,,,,,,,,,0.0,,,,,,,,,,,,,,
31.944518,,87.96875,0.0,11.8,,0.0,,1.0,0.0,,0.0,0.0,-1.0,,0.03237342834472656,0.0,,0.0,-1.0,0.0,0.0,0.05079300000000231,0.0,,,,,,87.96875,,,0.0,0.0,87.96875,,0.0014954069629311562,4.215084365924005,-1.0,0.0,0.0,0.0,59.0,0.0,0.0,,,,,0.0,,0.12792232632637024,87.96875,,,0.0,0.0,,0.0,,0.0,,,,0.0,0.0015259254723787308,,1.0,
31.997371,,,,,,,,,,,,,,,,,0.5,,,,,,,,,,,,,,132.67820715,,,,0.0,,,,,,,,,,,0.05285300000000248,,,,,,,,,,,,,,,,,,,,,,
31.997665,,,,,,,,,,,,,,,,,,,,,,,,,,,,,,,,,,,,,,,,,,,,,,,,,,,,,,0.0,,,,,,,,,,,,,,
31.997371,,87.96875,0.0,11.75,,0.0,,1.0,0.0,,0.0,0.0,-1.0,,0.03237342834472656,0.0,,0.0,-1.0,0.0,0.0,0.057508999999996036,0.0,,,,,,87.96875,,,0.0,0.0,87.96875,,1.2207403779029846E-4,4.215084365924005,-1.0,0.0,0.0,0.0,14.0,0.0,0.0,,,,,0.0,,0.11643249541521072,87.96875,,,0.0,0.0,,0.0,,0.0,,,,0.0,1.5259254723787308E-4,,1.0,
32.05725,,,,,,,,,,,,,,,,,0.5,,,,,,,,,,,,,,132.67820715,,,,0.0,,,,,,,,,,,0.059879000000002236,,,,,,,,,,,,,,,,,,,,,,
32.057693,,,,,,,,,,,,,,,,,,,,,,,,,,,,,,,,,,,,,,,,,,,,,,,,,,,,,,0.0,,,,,,,,,,,,,,
32.05725,,87.96875,0.0,11.75,,0.0,76.59205461876833,1.0,0.0,,0.0,0.0,-1.0,,0.03237342834472656,0.0,,0.0,-1.0,0.0,0.0,0.05060399999999987,0.0,,85.3,,,,87.96875,,,0.0,0.0,87.96875,,0.00158696249127388,4.215084365924005,-1.0,0.0,0.0,0.0,62.0,0.0,0.0,,,,,0.0,88.5,0.1176447942852974,87.96875,,,0.0,0.0,,0.0,,0.0,,,,0.0,0.0016174810007214546,,1.0,
32.110229,,,,,,,,,,,,,,,,,0.5,,,,,,,,,,,,,,132.67820715,,,,0.0,,,,,,,,,,,0.05297899999999345,,,,,,,,,,,,,,,,,,,,,,
32.110648,,,,,,,,,,,,,,,,,,,,,,,,,,,,,,,,,,,,,,,,,,,,,,,,,,,,,,0.0,,,,,,,,,,,,,,
32.110229,,87.96875,0.0,11.75,,0.0,,1.0,0.0,,0.0,0.0,-1.0,,0.03237342834472656,0.0,,0.0,-1.0,0.0,0.0,0.05115200000000186,0.0,,,,,,87.96875,,,0.0,0.0,87.96875,,1.2207403779029846E-4,4.215084365924005,-1.0,0.0,0.0,0.0,14.0,0.0,0.0,,,,,0.0,,0.11688335984945297,87.96875,,,0.0,0.0,,0.0,,0.0,,,,0.0,1.5259254723787308E-4,,1.0,
32.163553,,,,,,,,,,,,,,,,,0.5,,,,,,,,,,,,,,132.67820715,,,,0.0,,,,,,,,,,,0.05332400000000348,,,,,,,,,,,,,,,,,,,,,,
32.16385,,,,,,,,,,,,,,,,,,,,,,,,,,,,,,,,,,,,,,,,,,,,,,,,,,,,,,0.0,,,,,,,,,,,,,,
32.163553,,87.96875,0.0,11.75,,0.0,,1.0,0.0,,0.0,0.0,-1.0,,0.03237342834472656,0.0,,0.0,-1.0,0.0,0.0,0.05475500000000011,0.0,,,,,,87.96875,,,0.0,0.0,87.96875,,0.0014954069629311562,4.215084365924005,-1.0,0.0,0.0,0.0,59.0,0.0,0.0,,,,,0.0,,0.1218423917889595,87.96875,,,0.0,0.0,,0.0,,0.0,,,,0.0,0.0015259254723787308,,1.0,
32.219813,,,,,,,,,,,,,,,,,0.5,,,,,,,,,,,,,,132.67820715,,,,0.0,,,,,,,,,,,0.05626000000000175,,,,,,,,,,,,,,,,,,,,,,
32.22017,,,,,,,,,,,,,,,,,,,,,,,,,,,,,,,,,,,,,,,,,,,,,,,,,,,,,,0.0,,,,,,,,,,,,,,
32.219813,,87.96875,0.0,11.75,,0.0,,1.0,0.0,,0.0,0.0,-1.0,,0.2752797603607178,0.0,,0.0,-1.0,0.0,0.0,0.0534849999999949,0.0,,,,,,87.96875,,,0.0,0.0,87.96875,,1.2207403779029846E-4,27.368316650788888,-1.0,0.0,0.0,0.0,14.0,0.0,0.0,,,,,0.0,,0.12598425149917603,87.96875,,,0.0,0.0,,0.0,,0.0,,,,0.0,1.5259254723787308E-4,,1.0,
32.27505,,,,,,,,,,,,,,,,,0.5,,,,,,,,,,,,,,132.67820715,,,,0.0,,,,,,,,,,,0.055236999999998204,,,,,,,,,,,,,,,,,,,,,,
32.275897,,,,,,,,,,,,,,,,,,,,,,,,,,,,,,,,,,,,,,,,,,,,,,,,,,,,,,0.0,,,,,,,,,,,,,,
32.27505,,87.96875,0.0,11.75,,0.0,,1.0,0.0,,0.0,0.0,-1.0,,0.2752797603607178,0.0,,0.0,-1.0,0.0,0.0,0.05159599999999642,0.0,,,,,,87.96875,,,0.0,0.0,87.96875,,0.0014954069629311562,27.368316650788888,-1.0,0.0,0.0,0.0,59.0,0.0,0.0,,,,,0.0,,0.11460598558187485,87.96875,,,0.0,0.0,,0.0,,0.0,,,,0.0,0.0015259254723787308,,1.0,
32.328153,,,,,,,,,,,,,,,,,0.5,,,,,,,,,,,,,,132.67820715,,,,0.0,,,,,,,,,,,0.05310300000000012,,,,,,,,,,,,,,,,,,,,,,
32.32844,,,,,,,,,,,,,,,,,,,,,,,,,,,,,,,,,,,,,,,,,,,,,,,,,,,,,,0.0,,,,,,,,,,,,,,
32.328153,,87.96875,0.0,11.75,,0.0,,1.0,0.0,,0.0,0.0,-1.0,,0.2752797603607178,0.0,,0.0,-1.0,0.0,0.0,0.0528630000000021,0.0,,,,,,87.96875,,,0.0,0.0,87.96875,,1.2207403779029846E-4,27.368316650788888,-1.0,0.0,0.0,0.0,14.0,0.0,0.0,,,,,0.0,,0.12197230011224747,87.96875,,,0.0,0.0,,0.0,,0.0,,,,0.0,1.5259254723787308E-4,,1.0,
32.382855,,,,,,,,,,,,,,,,,0.5,,,,,,,,,,,,,,132.67820715,,,,0.0,,,,,,,,,,,0.05470199999999892,,,,,,,,,,,,,,,,,,,,,,
32.383143,,,,,,,,,,,,,,,,,,,,,,,,,,,,,,,,,,,,,,,,,,,,,,,,,,,,,,0.0,,,,,,,,,,,,,,
32.382855,,87.96875,0.0,11.75,,0.0,,1.0,0.0,,0.0,0.0,-1.0,,0.2752797603607178,0.0,,0.0,-1.0,0.0,0.0,0.04992700000000383,0.0,,,,,,87.96875,,,0.0,0.0,87.96875,,0.0014954069629311562,27.368316650788888,-1.0,0.0,0.0,0.0,59.0,0.0,0.0,,,,,0.0,,0.11534374952316284,87.96875,,,0.0,0.0,,0.0,,0.0,,,,0.0,0.0015259254723787308,,1.0,
32.43432,,,,,,,,,,,,,,,,,0.5,,,,,,,,,,,,,,132.67820715,,,,0.0,,,,,,,,,,,0.051465000000000316,,,,,,,,,,,,,,,,,,,,,,
32.434612,,,,,,,,,,,,,,,,,,,,,,,,,,,,,,,,,,,,,,,,,,,,,,,,,,,,,,0.0,,,,,,,,,,,,,,
32.43432,,87.96875,0.0,11.7,,0.0,,1.0,0.0,,0.0,0.0,-1.0,,0.2752797603607178,0.0,,0.0,-1.0,0.0,0.0,0.051704999999998336,0.0,,,,,,87.96875,,,0.0,0.0,87.96875,,1.5259254723787308E-4,27.368316650788888,-1.0,0.0,0.0,0.0,15.0,0.0,0.0,,,,,0.0,,0.12557990849018097,87.96875,,,0.0,0.0,,0.0,,0.0,,,,0.0,1.831110566854477E-4,,1.0,
32.487508,,,,,,,,,,,,,,,,,0.5,,,,,,,,,,,,,,132.67820715,,,,0.0,,,,,,,,,,,0.05318799999999868,,,,,,,,,,,,,,,,,,,,,,
32.487795,,,,,,,,,,,,,,,,,,,,,,,,,,,,,,,,,,,,,,,,,,,,,,,,,,,,,,0.0,,,,,,,,,,,,,,
32.487508,,87.96875,0.0,11.7,,0.0,,1.0,0.0,,0.0,0.0,-1.0,,0.2752797603607178,0.0,,0.0,-1.0,0.0,0.0,0.052834000000004266,0.0,,,,,,87.96875,,,0.0,0.0,87.96875,,0.0015259254723787308,27.368316650788888,-1.0,0.0,0.0,0.0,0.0,0.0,0.0,,,,,0.0,,0.12769952416419983,87.96875,,,0.0,0.0,,0.0,,0.0,,,,0.0,0.0015564439818263054,,1.0,
32.542483,,,,,,,,,,,,,,,,,0.5,,,,,,,,,,,,,,132.67820715,,,,0.0,,,,,,,,,,,0.054974999999998886,,,,,,,,,,,,,,,,,,,,,,
32.542786,,,,,,,,,,,,,,,,,,,,,,,,,,,,,,,,,,,,,,,,,,,,,,,,,,,,,,0.0,,,,,,,,,,,,,,
32.542483,,87.96875,0.0,11.350000000000001,,0.0,,1.0,0.0,,0.0,0.0,-1.0,,0.30336713790893555,0.0,,0.0,-1.0,0.0,0.0,0.04913900000000382,0.0,,,,,,87.96875,,,0.0,0.0,87.96875,,0.0010681478306651115,3.5706110801805435,-1.0,0.0,0.0,0.0,45.0,0.0,0.0,,,,,0.0,,0.10528060793876648,87.96875,,,0.0,0.0,,0.0,,0.0,,,,0.0,0.0010986663401126862,,1.0,
32.594032,,,,,,,,,,,,,,,,,7.6875,,,,,,,,,,,,,,132.67820715,,,,0.0,,,,,,,,,,,0.0515490000000014,,,,,,,,,,,,,,,,,,,,,,
32.594319,,,,,,,,,,,,,,,,,,,,,,,,,,,,,,,,,,,,,,,,,,,,,,,,,,,,,,0.0,,,,,,,,,,,,,,
32.594032,,87.96875,0.0,11.45,,0.0,,1.0,0.0,,0.0,0.0,-1.0,,0.30336713790893555,0.0,,0.0,-1.0,0.0,0.0,0.0498800000000017,0.0,,,,,,87.96875,,,0.0,0.0,87.96875,,9.155552834272385E-4,3.5706110801805435,-1.0,0.0,0.0,0.0,40.0,0.0,0.0,,,,,0.0,,0.11957287043333054,87.96875,,,0.0,0.0,,0.0,,0.0,,,,0.0,9.460737928748131E-4,,1.0,
32.645484,,,,,,,,,,,,,,,,,12.21875,,,,,,,,,,,,,,132.67820715,,,,0.0,,,,,,,,,,,0.051452000000004716,,,,,,,,,,,,,,,,,,,,,,
32.645783,,,,,,,,,,,,,,,,,,,,,,,,,,,,,,,,,,,,,,,,,,,,,,,,,,,,,,0.0,,,,,,,,,,,,,,
32.645484,,87.96875,0.0,11.55,,0.0,,1.0,0.0,,0.0,0.0,-1.0,,0.30336713790893555,0.0,,0.0,-1.0,0.0,0.0,0.050156999999998675,0.0,,,,,,87.96875,,,0.0,0.0,87.96875,,9.765923023223877E-4,3.5706110801805435,-1.0,0.0,0.0,0.0,42.0,0.0,0.0,,,,,0.0,,0.13301190733909607,87.96875,,,0.0,0.0,,0.0,,0.0,,,,0.0,0.0010071108117699623,,1.0,
32.69757,,,,,,,,,,,,,,,,,7.5,,,,,,,,,,,,,,132.67820715,,,,0.0,,,,,,,,,,,0.052085999999995636,,,,,,,,,,,,,,,,,,,,,,
32.697864,,,,,,,,,,,,,,,,,,,,,,,,,,,,,,,,,,,,,,,,,,,,,,,,,,,,,,0.0,,,,,,,,,,,,,,
32.69757,,87.96875,0.0,11.5,,0.0,,1.0,0.0,,0.0,0.0,-1.0,,0.30336713790893555,0.0,,0.0,-1.0,0.0,0.0,0.051009999999998,0.0,,,,,,87.96875,,,0.0,0.0,87.96875,,1.2207403779029846E-4,3.5706110801805435,-1.0,0.0,0.0,0.0,14.0,0.0,0.0,,,,,0.0,,0.12089614570140839,87.96875,,,0.0,0.0,,0.0,,0.0,,,,0.0,1.5259254723787308E-4,,1.0,
32.756104,,,,,,,,,,,,,,,,,7.34375,,,,,,,,,,,,,,132.6324307875,,,,0.0,,,,,,,,,,,0.05853400000000164,,,,,,,,,,,,,,,,,,,,,,
32.756508,,,,,,,,,,,,,,,,,,,,,,,,,,,,,,,,,,,,,,,,,,,,,,,,,,,,,,0.0,,,,,,,,,,,,,,
32.756104,,87.96875,0.0,11.5,,0.0,,1.0,0.0,,0.0,0.0,-1.0,,0.30336713790893555,0.0,,0.0,-1.0,0.0,0.0,0.053373999999998034,0.0,,,,,,87.96875,,,0.0,0.0,87.96875,,0.0014954069629311562,3.5706110801805435,-1.0,0.0,0.0,0.0,59.0,0.0,0.0,,,,,0.0,,0.11653722077608109,87.96875,,,0.0,0.0,,0.0,,0.0,,,,0.0,0.0015259254723787308,,1.0,
32.821749,,,,,,,,,,,,,,,,,7.4375,,,,,,,,,,,,,,132.6324307875,,,,0.0,,,,,,,,,,,0.0656449999999964,,,,,,,,,,,,,,,,,,,,,,
32.823088,,,,,,,,,,,,,,,,,,,,,,,,,,,,,,,,,,,,,,,,,,,,,,,,,,,,,,0.0,,,,,,,,,,,,,,
32.821749,,87.96875,0.0,11.45,,0.0,,1.0,0.0,,0.0,0.0,-1.0,,0.30336713790893555,0.0,,0.0,-1.0,0.0,0.0,0.0606210000000047,0.0,,,,,,87.96875,,,0.0,0.0,87.96875,,1.2207403779029846E-4,3.5706110801805435,-1.0,0.0,0.0,0.0,14.0,0.0,0.0,,,,,0.0,,0.1217641830444336,87.96875,,,0.0,0.0,,0.0,,0.0,,,,0.0,1.5259254723787308E-4,,1.0,
32.884257,,,,,,,,,,,,,,,,,7.5,,,,,,,,,,,,,,132.67820715,,,,0.0,,,,,,,,,,,0.06250800000000112,,,,,,,,,,,,,,,,,,,,,,
32.884544,,,,,,,,,,,,,,,,,,,,,,,,,,,,,,,,,,,,,,,,,,,,,,,,,,,,,,0.0,,,,,,,,,,,,,,
32.884257,,87.96875,0.0,11.55,,0.0,,1.0,0.0,,0.0,0.0,-1.0,,0.30336713790893555,0.0,,0.0,-1.0,0.0,0.0,0.050653000000004056,0.0,,,,,,87.96875,,,0.0,0.0,87.96875,,0.0014954069629311562,3.5706110801805435,-1.0,0.0,0.0,0.0,59.0,0.0,0.0,,,,,0.0,,0.11366188526153564,87.96875,,,0.0,0.0,,0.0,,0.0,,,,0.0,0.0015259254723787308,,1.0,
32.937055,,,,,,,,,,,,,,,,,7.5,,,,,,,,,,,,,,132.67820715,,,,0.0,,,,,,,,,,,0.05279800000000279,,,,,,,,,,,,,,,,,,,,,,
32.937732,,,,,,,,,,,,,,,,,,,,,,,,,,,,,,,,,,,,,,,,,,,,,,,,,,,,,,0.0,,,,,,,,,,,,,,
32.937055,,87.96875,0.0,11.5,,0.0,,1.0,0.0,,0.0,0.0,-1.0,,0.30336713790893555,0.0,,0.0,-1.0,0.0,0.0,0.05761599999999589,0.0,,,,,,87.96875,,,0.0,0.0,87.96875,,1.2207403779029846E-4,3.5706110801805435,-1.0,0.0,0.0,0.0,14.0,0.0,0.0,,,,,0.0,,0.1182955801486969,87.96875,,,0.0,0.0,,0.0,,0.0,,,,0.0,1.5259254723787308E-4,,1.0,
32.996132,,,,,,,,,,,,,,,,,7.5,,,,,,,,,,,,,,132.67820715,,,,0.0,,,,,,,,,,,0.059077000000002045,,,,,,,,,,,,,,,,,,,,,,
32.996937,,,,,,,,,,,,,,,,,,,,,,,,,,,,,,,,,,,,,,,,,,,,,,,,,,,,,,0.0,,,,,,,,,,,,,,
32.996132,,87.96875,0.0,11.55,,0.0,,1.0,0.0,,0.0,0.0,-1.0,,0.30336713790893555,0.0,,0.0,-1.0,0.0,0.0,0.05158099999999877,0.0,,,,,,87.96875,,,0.0,0.0,87.96875,,0.0014954069629311562,3.5706110801805435,-1.0,0.0,0.0,0.0,59.0,0.0,0.0,,,,,0.0,,0.13346530497074127,87.96875,,,0.0,0.0,,0.0,,0.0,,,,0.0,0.0015259254723787308,,1.0,
33.050716,,,,,,,,,,,,,,,,,7.53125,,,,,,,,,,,,,,132.67820715,,,,0.0,,,,,,,,,,,0.05458399999999841,,,,,,,,,,,,,,,,,,,,,,
33.051017,,,,,,,,,,,,,,,,,,,,,,,,,,,,,,,,,,,,,,,,,,,,,,,,,,,,,,0.0,,,,,,,,,,,,,,
33.050716,,87.96875,0.0,11.5,,0.0,75.74528042521995,1.0,0.0,,0.0,0.0,-1.0,,0.5260858535766602,0.0,,0.0,-1.0,0.0,0.0,0.05313799999999702,0.0,,83.6,,,,87.96875,,,0.0,0.0,87.96875,,7.324442267417908E-4,3.2499145738883564,-1.0,0.0,0.0,0.0,34.0,0.0,0.0,,,,,0.0,88.5,0.08359581977128983,87.96875,,,0.0,0.0,,0.0,,0.0,,,,0.0,7.629627361893654E-4,,1.0,
33.10856,,,,,,,,,,,,,,,,,7.53125,,,,,,,,,,,,,,132.67820715,,,,0.0,,,,,,,,,,,0.05784399999999579,,,,,,,,,,,,,,,,,,,,,,
33.108876,,,,,,,,,,,,,,,,,,,,,,,,,,,,,,,,,,,,,,,,,,,,,,,,,,,,,,0.0,,,,,,,,,,,,,,
33.10856,,87.96875,0.0,11.55,,0.0,,1.0,0.0,,0.0,0.0,-1.0,,0.5260858535766602,0.0,,0.0,-1.0,0.0,0.0,0.05966800000000205,0.0,,,,,,87.96875,,,0.0,0.0,87.96875,,1.2207403779029846E-4,3.2499145738883564,-1.0,0.0,0.0,0.0,14.0,0.0,0.0,,,,,0.0,,0.1312175691127777,87.96875,,,0.0,0.0,,0.0,,0.0,,,,0.0,1.5259254723787308E-4,,1.0,
33.172643,,,,,,,,,,,,,,,,,7.6875,,,,,,,,,,,,,,132.67820715,,,,0.0,,,,,,,,,,,0.06408300000000366,,,,,,,,,,,,,,,,,,,,,,
33.173137,,,,,,,,,,,,,,,,,,,,,,,,,,,,,,,,,,,,,,,,,,,,,,,,,,,,,,0.0,,,,,,,,,,,,,,
33.172643,,87.96875,0.0,11.45,,0.0,,1.0,0.0,,0.0,0.0,-1.0,,0.5260858535766602,0.0,,0.0,-1.0,0.0,0.0,0.05439299999999747,0.0,,,,,,87.96875,,,0.0,0.0,87.96875,,0.0014954069629311562,3.2499145738883564,-1.0,0.0,0.0,0.0,59.0,0.0,0.0,,,,,0.0,,0.11126415431499481,87.96875,,,0.0,0.0,,0.0,,0.0,,,,0.0,0.0015259254723787308,,1.0,
33.231789,,,,,,,,,,,,,,,,,7.625,,,,,,,,,,,,,,132.67820715,,,,0.0,,,,,,,,,,,0.05914599999999837,,,,,,,,,,,,,,,,,,,,,,
33.232362,,,,,,,,,,,,,,,,,,,,,,,,,,,,,,,,,,,,,,,,,,,,,,,,,,,,,,0.0,,,,,,,,,,,,,,
33.231789,,87.96875,0.0,11.5,,0.0,,1.0,0.0,,0.0,0.0,-1.0,,0.5260858535766602,0.0,,0.0,-1.0,0.0,0.0,0.05269599999999741,0.0,,,,,,87.96875,,,0.0,0.0,87.96875,,1.2207403779029846E-4,3.2499145738883564,-1.0,0.0,0.0,0.0,14.0,0.0,0.0,,,,,0.0,,0.12353135645389557,87.96875,,,0.0,0.0,,0.0,,0.0,,,,0.0,1.5259254723787308E-4,,1.0,
33.286455,,,,,,,,,,,,,,,,,7.6875,,,,,,,,,,,,,,132.67820715,,,,0.0,,,,,,,,,,,0.05466599999999744,,,,,,,,,,,,,,,,,,,,,,
33.286915,,,,,,,,,,,,,,,,,,,,,,,,,,,,,,,,,,,,,,,,,,,,,,,,,,,,,,0.0,,,,,,,,,,,,,,
33.286455,,87.96875,0.0,11.45,,0.0,,1.0,0.0,,0.0,0.0,-1.0,,0.5260858535766602,0.0,,0.0,-1.0,0.0,0.0,0.05513100000000293,0.0,,,,,,87.96875,,,0.0,0.0,87.96875,,0.0014954069629311562,3.2499145738883564,-1.0,0.0,0.0,0.0,59.0,0.0,0.0,,,,,0.0,,0.12396679818630219,87.96875,,,0.0,0.0,,0.0,,0.0,,,,0.0,0.0015259254723787308,,1.0,
33.343243,,,,,,,,,,,,,,,,,7.6875,,,,,,,,,,,,,,132.67820715,,,,0.0,,,,,,,,,,,0.0567880000000045,,,,,,,,,,,,,,,,,,,,,,
33.343523,,,,,,,,,,,,,,,,,,,,,,,,,,,,,,,,,,,,,,,,,,,,,,,,,,,,,,0.0,,,,,,,,,,,,,,
33.343243,,87.96875,0.0,11.5,,0.0,,1.0,0.0,,0.0,0.0,-1.0,,0.5260858535766602,0.0,,0.0,-1.0,0.0,0.0,0.05773200000000145,0.0,,,,,,87.96875,,,0.0,0.0,87.96875,,1.2207403779029846E-4,3.2499145738883564,-1.0,0.0,0.0,0.0,14.0,0.0,0.0,,,,,0.0,,0.11665067076683044,87.96875,,,0.0,0.0,,0.0,,0.0,,,,0.0,1.5259254723787308E-4,,1.0,
33.402408,,,,,,,,,,,,,,,,,7.625,,,,,,,,,,,,,,132.67820715,,,,0.0,,,,,,,,,,,0.059165000000000134,,,,,,,,,,,,,,,,,,,,,,
33.403311,,,,,,,,,,,,,,,,,,,,,,,,,,,,,,,,,,,,,,,,,,,,,,,,,,,,,,0.0,,,,,,,,,,,,,,
33.402408,,87.96875,0.0,11.45,,0.0,,1.0,0.0,,0.0,0.0,-1.0,,0.5260858535766602,0.0,,0.0,-1.0,0.0,0.0,0.049185000000001367,0.0,,,,,,87.96875,,,0.0,0.0,87.96875,,0.0014954069629311562,3.2499145738883564,-1.0,0.0,0.0,0.0,59.0,0.0,0.0,,,,,0.0,,0.10948241502046585,87.96875,,,0.0,0.0,,0.0,,0.0,,,,0.0,0.0015259254723787308,,1.0,
33.453308,,,,,,,,,,,,,,,,,7.59375,,,,,,,,,,,,,,132.67820715,,,,0.0,,,,,,,,,,,0.05089999999999861,,,,,,,,,,,,,,,,,,,,,,
33.453701,,,,,,,,,,,,,,,,,,,,,,,,,,,,,,,,,,,,,,,,,,,,,,,,,,,,,,0.0,,,,,,,,,,,,,,
33.453308,,87.96875,0.0,11.45,,0.0,,1.0,0.0,,0.0,0.0,-1.0,,0.5260858535766602,0.0,,0.0,-1.0,0.0,0.0,0.051679999999997506,0.0,,,,,,87.96875,,,0.0,0.0,87.96875,,1.2207403779029846E-4,3.2499145738883564,-1.0,0.0,0.0,0.0,14.0,0.0,0.0,,,,,0.0,,0.13257795572280884,87.96875,,,0.0,0.0,,0.0,,0.0,,,,0.0,1.5259254723787308E-4,,1.0,
33.506881,,,,,,,,,,,,,,,,,7.625,,,,,,,,,,,,,,132.67820715,,,,0.0,,,,,,,,,,,0.05357300000000009,,,,,,,,,,,,,,,,,,,,,,
33.507234,,,,,,,,,,,,,,,,,,,,,,,,,,,,,,,,,,,,,,,,,,,,,,,,,,,,,,0.0,,,,,,,,,,,,,,
33.506881,,87.96875,0.0,11.45,,0.0,,1.0,0.0,,0.0,0.0,-1.0,,0.5260858535766602,0.0,,0.0,-1.0,0.0,0.0,0.05230399999999946,0.0,,,,,,87.96875,,,0.0,0.0,87.96875,,0.0014954069629311562,3.2499145738883564,-1.0,0.0,0.0,0.0,59.0,0.0,0.0,,,,,0.0,,0.12303037196397781,87.96875,,,0.0,0.0,,0.0,,0.0,,,,0.0,0.0015259254723787308,,1.0,
33.560935,,,,,,,,,,,,,,,,,7.6875,,,,,,,,,,,,,,132.67820715,,,,0.0,,,,,,,,,,,0.05405400000000071,,,,,,,,,,,,,,,,,,,,,,
33.561293,,,,,,,,,,,,,,,,,,,,,,,,,,,,,,,,,,,,,,,,,,,,,,,,,,,,,,0.0,,,,,,,,,,,,,,
33.560935,,87.96875,0.0,11.5,,0.0,,1.0,0.0,,0.0,0.0,-1.0,,0.5260858535766602,0.0,,0.0,-1.0,0.0,0.0,0.05310699999999713,0.0,,,,,,87.96875,,,0.0,0.0,87.96875,,1.2207403779029846E-4,3.2499145738883564,-1.0,0.0,0.0,0.0,14.0,0.0,0.0,,,,,0.0,,0.11145544797182083,87.96875,,,0.0,0.0,,0.0,,0.0,,,,0.0,1.5259254723787308E-4,,1.0,
33.615352,,,,,,,,,,,,,,,,,7.6875,,,,,,,,,,,,,,132.6324307875,,,,0.0,,,,,,,,,,,0.054417000000000826,,,,,,,,,,,,,,,,,,,,,,
33.616166,,,,,,,,,,,,,,,,,,,,,,,,,,,,,,,,,,,,,,,,,,,,,,,,,,,,,,0.0,,,,,,,,,,,,,,
33.615352,,87.96875,0.0,11.45,,0.0,,1.0,0.0,,0.0,0.0,-1.0,,0.5928122997283936,0.0,,0.0,-1.0,0.0,0.0,0.05126200000000125,0.0,,,,,,87.96875,,,0.0,0.0,87.96875,,0.0014954069629311562,1.8847754969982384,-1.0,0.0,0.0,0.0,59.0,0.0,0.0,,,,,0.0,,0.12921081483364105,87.96875,,,0.0,0.0,,0.0,,0.0,,,,0.0,0.0015259254723787308,,1.0,
33.668205,,,,,,,,,,,,,,,,,7.6875,,,,,,,,,,,,,,132.67820715,,,,0.0,,,,,,,,,,,0.05285299999999893,,,,,,,,,,,,,,,,,,,,,,
33.668565,,,,,,,,,,,,,,,,,,,,,,,,,,,,,,,,,,,,,,,,,,,,,,,,,,,,,,0.0,,,,,,,,,,,,,,
33.668205,,87.96875,0.0,11.55,,0.0,,1.0,0.0,,0.0,0.0,-1.0,,0.5928122997283936,0.0,,0.0,-1.0,0.0,0.0,0.05249400000000293,0.0,,,,,,87.96875,,,0.0,0.0,87.96875,,6.408886983990669E-4,1.8847754969982384,-1.0,0.0,0.0,0.0,31.0,0.0,0.0,,,,,0.0,,0.1201627105474472,87.96875,,,0.0,0.0,,0.0,,0.0,,,,0.0,6.714072078466415E-4,,1.0,
33.722004,,,,,,,,,,,,,,,,,7.75,,,,,,,,,,,,,,132.6324307875,,,,0.0,,,,,,,,,,,0.05379899999999793,,,,,,,,,,,,,,,,,,,,,,
33.722171,,,,,,,,,,,,,,,,,,,,,,,,,,,,,,,,,,,,,,,,,,,,,,,,,,,,,,0.0,,,,,,,,,,,,,,
