TIME,Operator Controller Unjam Command,shooterCtrl.shooterSpeedErrorAbs,climber.motorCmd,IMU Filtered X Angle,hopper.conv.opMode,Right Intern Moter Current,climber.upperLimitSwitch.stateDbnc,Driver FwdRev Command,Control Panel State Machine Game Data Color Command,Operator Controller Climb Speed Command,IMU Filtered Y Angle,Driver Trench To Loading Align Only Command,Pneumatics Compressor Current,Operator Controller Shoot Command,intakeCtrl.posState,shooterCtrl.underLoad,climber.motor2Current,botDesPoseY,botDesPoseX,Drivetrain Op Mode,botDesPoseT,Left Intern Moter Current,Pneumatics Main System Pressure,hopper.conv.intakeEndSensor.ballsInConveyor,Drivetrain Heading Correction Command,Driver Loading To Trench Command,Left Master Moter Current,Drivetrain Right Motor Output Duty Cycle,Vision Raspberry Pi Duration,Vision Raspberry Pi Visible Target,Operator Controller Eject Desired Command,Control Panel State Machine 3.25 spin,Operator Controller Ctrl Panel Three Rotations Command,hopper.conv.shooterEndSensorTriggeredDbnc,IMU Comp X Angle,Control Panel State Machine Rotate to Color,roboRIO Sys Memory Load,hopper.conv.conveyorPosition,hopper.conv.intakeEndSensor.curBallHeight,Robot Brownout,botActPoseT,intakeCtrl.intkCommand,hopper.conv.motorCurrent,botActPoseX,botActPoseY,climber.motor1Current,hopper.hopperOpMode,Driver Auto Align and Shoot Command,Drivetrain Left Motor output Duty Cycle,Driver Rotate Command,Driver Turn 180 Deg Command,Drivetrain Pose Angle,loopTiming.loopPeriodSec,Robot Battery Voltage,shooterCtrl.shooterHoldCmdVoltage,intakeCtrl.spdState,Drivetrain Left Wheel Actual Speed,Operator Controller Prep to Shoot Command,Robot Battery Current Draw,shooterCtrl.currentStateShooter,roboRIO JVM Memory Load,Color Sensor Blue Intensity,Drivetrain Left Wheel Desired Speed,Operator Controller Climb Enable Command,shooterCtrl.shooterActualSpeed_rpm,Operator Controller Ctrl Panel Seek To Color Command,Driver Snail Mode Command,RIO Input Voltage,roboRIO CPU Load,Match Time,Vision Raspberry Pi Framerate,RIO 3V Supply Voltage,Pneumatics Cutoff Switch State,Operator Controller Shot Speed Increment,Driver Auto Align Close and Shoot Command,IMU Comp Y Angle,Vision Raspberry Pi Stable Target,Color Sensor Match Color,Color Sensor Red Intensity,hopper.conv.intakeEndSensorTriggered,hopper.HopperSparkLeftCmd,climber.climbEnabled,Drivetrain Right Wheel Desired Speed,Dataserver File Logger Queue Length,Vision Raspberry Pi Angle,Operator Controller Intake Desired Command,shooterCtrl.adjustedSetpointRPM,Operator Controller Shot Speed Decrement,Color Sensor Green Intensity,Vision Raspberry Pi Vision System Online,climber.climbCMD,hopper.HopperSparkRightCmd,Right Master Moter Current,Robot CAN Bus Utilization,hopper.conv.intakeEndSensor.curConveyorDirection,PDP Cooling Fans Current,RIO 6V Supply Voltage,Drivetrain Right Wheel Actual Speed,Dataserver Stored Samples,PDP Upper Board Current,Drivetrain Desired Heading,Driver Auto Align Only Command,RIO 5V Supply Voltage,climber.lowerLimitSwitch.stateDbnc,hopper.conv.intakeEndSensor.ballHeightIn,Driver Flip Front/Back Command,loopTiming.loopDurationSec,
sec,bool,,,deg,,A,,cmd,color,cmd,deg,bool,A,bool,,,,ft,ft,mode,deg,A,psi,,RPM,bool,A,pct,sec,bool,bool,degrees,bool,,deg,degrees,pct,,,bool,deg,,,ft,ft,,,bool,pct,cmd,bool,deg,,V,,,RPM,bool,A,,pct,sat,RPM,bool,,bool,bool,V,pct,s,fps,V,bool,bool,bool,deg,bool,color,sat,,,bool,RPM,count,deg,bool,,bool,sat,bool,cmd,,A,pct,,A,V,RPM,count,A,deg,bool,V,,,bool,,
238.794239,,,,358.6167740959297,,0.0,,,,,359.95230710326473,,,,,,,,,1.0,,0.0,,,-719.9615781960982,,0.0,0.0,0.047432899475097656,1.0,,,,,-1.2462760992217694,,,,,,,,,,,,,,0.0,,,267.2693186202321,,,,,-0.0,,,,,,4310.669721590451,,,,,,,,6.55385601000039,,,,,-0.16002377967542888,0.0,,,,,,-4248.39282304995,,20.188599190722908,,,,,1.0,,,0.0,,,,,0.0,,,-92.71147047781699,,,,,,,
238.811767,,0.0,0.0,,1.0,,0.0,,,,,,,,0.0,1.0,0.0,,,,,,,0.0,,,,,,,,,,0.0,,,,0.0,0.0,,,0.0,0.0,,,0.0,0.0,,,,,,0.06730300000000966,,0.0,0.0,,,,0.0,,,,,-0.0,,,,,,,,,,,,,,,0.0,0.0,0.0,,,,,3200.0,,,,0.0,0.0,,,1.0,,,,,,,,,1.0,9.03543307086607,,0.0012049999999987904,
238.839489,,,,357.8895999617761,,0.09375,,,,,359.61637472579605,,,,,,,,,1.0,,0.0,,,-719.9616436305548,,0.0,-0.0099795525893569,0.047432899475097656,1.0,,,,,-1.2429877368418,,,,,,,,,,,,,,0.02053895778954029,,,267.2693513374604,,,,,-0.0,,,,,,2530.884939962857,,,,,,,,6.55385601000039,,,,,-0.1602504942126628,0.0,,,,,,-2468.6080414223547,,20.188599190722908,,,,,1.0,,,0.125,,,,,0.0,,,-92.71147047781699,,,,,,,
238.841958,,0.0,0.0,,1.0,,0.0,,,,,,,,0.0,1.0,0.0,,,,,,,0.0,,,,,,,,,,0.0,,,,0.0,0.0,,,0.0,0.0,,,0.0,0.0,,,,,,0.04524999999998158,,0.0,0.0,,,,0.0,,,,,-0.0,,,,,,,,,,,,,,,0.0,0.0,0.0,,,,,3200.0,,,,0.0,0.0,,,1.0,,,,,,,,,1.0,9.055118110236148,,0.017797000000001617,
238.843237,,,,357.89045794947106,,0.1875,,,,,1.6779054684787191,,0.0,,,,,,,1.0,,6.6875,112.32908750000001,,-719.9606616226916,,0.0,-0.09897152334451675,0.047432899475097656,1.0,,,,,-1.2439866841130196,,,,,,,,,,,,,,0.0871913805603981,,,267.26886033352883,,,,,-0.0,,,,,,751.0991108929427,,,,,,,,6.55385601000039,,1.0,,,-0.1598180463796416,0.0,,,,,,-688.8222123524406,,20.188599190722908,,,,,1.0,,,8.96875,,,,,-0.5714285969734192,,,-92.71147047781699,,,,,,,
238.859346,,0.0,0.0,,1.0,,0.0,,,,,,,,0.0,1.0,0.0,,,,,,,0.0,,,,,,,,,,0.0,,,,0.0,0.0,,,0.0,0.0,,,0.0,0.0,,,,,,0.003748000000001639,,0.0,0.0,,,,0.0,,,,,-0.0,,,,,,,,,,,,,,,0.0,0.0,0.0,,,,,3200.0,,,,0.0,0.0,,,1.0,,,,,,,,,1.0,9.01574803149599,,0.0027690000000006876,
238.860642,,,,355.52741405674993,,,,,,,1.9967646539368258,,,,,,,,,,,,,,,,,,0.047432899475097656,1.0,,,,,-1.2445096276845238,,,,,,,,,,,,,,,,,267.26875990902334,,,,,,,,,,,,,,,,,,,6.55385601000039,,,,,-0.1618163940262412,0.0,,,,,,,,20.188599190722908,,,,,1.0,,,,,,,,,,,,,,,,,,
238.862334,,,,,,,,,,,,,,,,,,,,,,,,,,,,,,,,,,,,,,,,0.0,,,,,,,,,,,,,,12.8,,,,,0.0,,,,,,,,,12.529658935546875,,-1.0,,,,,,,,,,,,,,127.0,,,,,,,,,,0.5040668249130249,,0.0,,,43.0,0.0,,,,,,,,
238.860642,,,,,,0.0625,,,,,,,,,,,,,,1.0,,6.6875,,,-719.9604607736807,,0.0,-0.09897152334451675,,,,,,,,,,,,,,,,,,,,,0.0871913805603981,,,,,,,,-0.0,,,,,,751.0989100439317,,,,,,,,,,,,,,,,,,,,-688.8220115034296,,,,,,,,,,8.96875,,,,,-0.5714285969734192,,,-92.71147047781699,,,,,,,
238.8665,,0.0,0.0,,1.0,,0.0,,,,,,,,0.0,1.0,0.0,,,,,,,0.0,,,,,,,,,,0.0,,,,0.0,0.0,,,0.0,0.0,,,0.0,0.0,,,,,,0.017405000000024984,,0.0,0.0,,,,0.0,,,,,-0.0,,,,,,,,,,,,,,,0.0,0.0,0.0,,,,,3200.0,,,,0.0,0.0,,,1.0,,,,,,,,,1.0,9.01574803149599,,0.01640900000001011,
238.868225,,,,343.32647350390926,,0.0625,,,,,10.523662755641963,,,,,,,,,1.0,,6.6875,,,-719.937278378296,,21.9375,-0.12121952325105667,0.047432899475097656,1.0,,,,,-1.3497570103998968,,,,,,,,,,,,,,0.10965300351381302,,,267.257168711331,,,,,2.8571431636810303,,,,,,751.0757276485471,,,,,,,,6.55385601000039,,,,,-0.09751954527913177,0.0,,,,,,-688.798829108045,,20.188599190722908,,,,,1.0,,,8.96875,,,,,-0.5714285969734192,,,-92.71147047781699,,,,,,,
238.871356,,0.0,0.0,,1.0,,0.0,,,,,,,,0.0,1.0,0.0,,,,,,,0.0,,,,,,,,,,0.0,,,,0.0,0.0,,,0.0,0.0,,,0.0,0.0,,,,,,0.007582999999982576,,0.0,0.0,,,,0.0,,,,,-0.0,,,,,,,,,,,,,,,0.0,0.0,0.0,,,,,3200.0,,,,0.0,0.0,,,1.0,,,,,,,,,1.0,9.01574803149599,,0.0061709999999948195,
238.873481,,,,344.8624321643173,,0.0625,,,,,14.750421200895358,,,,,,,,,1.0,,25.125,,,-719.9071754904328,,21.9375,-0.12121952325105667,0.047432899475097656,1.0,,,,,-1.398441033587171,,,,,,,,,,,,,,0.13165685534477234,,,267.2421172673994,,,,,2.8571431636810303,,,,,,751.0456247606838,,,,,,,,6.55385601000039,,,,,-0.01875176794865768,0.0,,,,,,-688.7687262201817,,20.188599190722908,,,,,1.0,,,8.96875,,,,,-0.5714285969734192,,,-92.71147047781699,,,,,,,
238.876853,,0.0,0.0,,1.0,,0.0,,,,,,,,0.0,1.0,0.0,,,,,,,0.0,,,,,,,,,,0.0,,,,0.0,0.0,,,0.0,0.0,,,0.0,0.0,,,,,,0.005256000000002814,,0.0,0.0,,,,0.0,,,,,-0.0,,,,,,,,,,,,,,,0.0,0.0,0.0,,,,,3200.0,,,,0.0,0.0,,,1.0,,,,,,,,,1.0,9.055118110236148,,0.003421000000003005,
238.880414,,,,357.26985405269374,,6.15625,,,,,38.43890532257424,,,,,,,,,1.0,,25.125,,,-719.8474075200298,,32.71875,-0.143314927816391,0.047432899475097656,1.0,,,,,-1.4439259535286681,,,,,,,,,,,,,,0.15387432277202606,,,267.21223328219793,,,,,2.8571431636810303,,,,,,750.9858567902809,,,,,,,,6.55385601000039,,,,,0.07014290410620691,0.0,,,,,,-688.7089582497788,,20.188599190722908,,,,,1.0,,,20.53125,,,,,-4.5714287757873535,,,-92.71147047781699,,,,,,,
238.883566,,0.0,0.0,,1.0,,0.0,,,,,,,,0.0,1.0,0.0,,,,,,,0.0,,,,,,,,,,0.0,,,,0.0,0.0,,,0.0,0.0,,,0.0,0.0,,,,,,0.006933000000003631,,0.0,0.0,,,,0.0,,,,,-0.0,,,,,,,,,,,,,,,0.0,0.0,0.0,,,,,3200.0,,,,0.0,0.0,,,1.0,,,,,,,,,1.0,9.094488188976305,,0.004093000000011671,
238.887472,,,,343.1119362440333,,6.15625,,,,,26.01473960956948,,,,,,,,,1.0,,25.125,,,-719.7628883533143,,32.71875,-0.1657765507698059,0.047432899475097656,1.0,,,,,-1.4652797964058253,,,,,,,,,,,,,,0.17609180510044098,,,267.1699736988402,,,,,2.8571431636810303,,,,,,750.9013376235654,,,,,,,,6.55385601000039,,,,,0.2211862135365349,0.0,,,,,,-688.6244390830633,,20.188599190722908,,,,,1.0,,,20.53125,,,,,-4.5714287757873535,,,-92.71147047781699,,,,,,,
238.893077,,0.0,0.0,,1.0,,0.0,,,,,,,,0.0,1.0,0.0,,,,,,,0.0,,,,,,,,,,0.0,,,,0.0,0.0,,,0.0,0.0,,,0.0,0.0,,,,,,0.007058000000000675,,0.0,0.0,,,,0.0,,,,,-0.0,,,,,,,,,,,,,,,0.0,0.0,0.0,,,,,3200.0,,,,0.0,0.0,,,1.0,,,,,,,,,1.0,9.094488188976305,,0.0037729999999953634,
238.907494,,,,5.568706228557525,,39.71875,,,,,11.535769867399424,,,,,,,,,1.0,,40.53125,,,-718.9994092393216,,45.1875,-0.20999786257743835,0.047432899475097656,1.0,,,,,-1.4186597735426678,,,,,,,,,,,,,,0.1983092725276947,,,266.7882341418438,,,,,6.857142925262451,,,,,,750.1378585095727,,,,,,,,6.55385601000039,,,,,0.6674263430687014,0.0,,,,,,-687.8609599690706,,20.188599190722908,,,,,1.0,,,42.71875,,,,,-9.714285850524902,,,-92.71147047781699,,,,,,,
238.910851,,0.0,0.0,,1.0,,0.0,,,,,,,,0.0,1.0,0.0,,,,,,,0.0,,,,,,,,,,0.0,,,,0.0,0.0,,,0.0,0.0,,,0.0,0.0,,,,,,0.02002200000001153,,0.0,0.0,,,,0.0,,,,,-0.0,,,,,,,,,,,,,,,0.0,0.0,0.0,,,,,3200.0,,,,0.0,0.0,,,1.0,,,,,,,,,1.0,9.03543307086607,,0.006089000000002898,
238.926972,,,,9.339397387637343,,43.21875,,,,,15.810447904005262,,,,,,,,,1.0,,47.375,,,-717.7657614030335,,54.34375,-0.2544328272342682,0.04900240898132324,1.0,,,,,-1.386111401440268,,,,,,,,,,,,,,0.24298837780952454,,,266.17141022369975,,,,,10.285714149475098,,,,,,748.9042106732845,,,,,,,,6.495495760579194,,,,,0.9850981764512639,0.0,,,,,,-686.6273121327824,,-12.217296480296879,,,,,1.0,,,52.59375,,,,,-9.714285850524902,,,-92.71147047781699,,,,,,,
238.929452,,0.0,0.0,,1.0,,0.0,,,,,,,,0.0,1.0,0.0,,,,,,,0.0,,,,,,,,,,0.0,,,,0.0,0.0,,,0.0,0.0,,,0.0,0.0,,,,,,0.019477999999992335,,0.0,0.0,,,,0.0,,,,,-0.0,,,,,,,,,,,,,,,0.0,0.0,0.0,,,,,3200.0,,,,0.0,0.0,,,1.0,,,,,,,,,1.0,8.956692913385755,,0.0036259999999970205,
238.947186,,,,337.2770689401605,,44.09375,,,,,18.508435493341974,,,,,,,,,1.0,,54.96875,,,-715.9859464819101,,43.125,-0.29911190271377563,0.04900240898132324,1.0,,,,,-1.4000129788085587,,,,,,,,,,,,,,0.3096407949924469,,,265.28150276313806,,,,,10.285714149475098,,,,,,747.1243957521611,,,,,,,,6.495495760579194,,,,,1.3288689956052795,0.0,,,,,,-684.8474972116591,,-12.217296480296879,,,,,1.0,,,57.28125,,,,,-13.142857551574707,,,-92.71147047781699,,,,,,,
238.952592,,0.0,0.0,,1.0,,0.0,,,,,,,,0.0,1.0,0.0,,,,,,,0.0,,,,,,,,,,0.0,,,,0.0,0.0,,,0.0,0.0,,,0.0,0.0,,,,,,0.020213999999981525,,0.0,0.0,,,,0.0,,,,,-0.0,,,,,,,,,,,,,,,0.0,0.0,0.0,,,,,3200.0,,,,0.0,0.0,,,1.0,,,,,,,,,1.0,8.956692913385755,,0.0027719999999931133,
238.967137,,,,7.93607245841447,,51.25,,,,,16.402100218278072,,,,,,,,,1.0,,32.6875,,,-714.1976383320933,,49.90625,-0.34333324432373047,0.04900240898132324,1.0,,,,,-1.4218516882589027,,,,,,,,,,,,,,0.35386210680007935,,,264.3873486882297,,,,,15.428570747375488,,,,,,745.3360876023444,,,,,,,,6.495495760579194,,,,,1.56229007907005,0.0,,,,,,-683.0591890618423,,-12.217296480296879,,,,,1.0,,,62.28125,,,,,-17.142858505249023,,,-92.71147047781699,,,,,,,
238.974337,,0.0,0.0,,1.0,,0.0,,,,,,,,0.0,1.0,0.0,,,,,,,0.0,,,,,,,,,,0.0,,,,0.0,0.0,,,0.0,0.0,,,0.0,0.0,,,,,,0.019951000000020258,,0.0,0.0,,,,0.0,,,,,-0.0,,,,,,,,,,,,,,,0.0,0.0,0.0,,,,,3200.0,,,,0.0,0.0,,,1.0,,,,,,,,,1.0,8.937007874015677,,0.0056960000000003674,
238.986951,,,,4.172815803003305,,48.125,,,,,24.97774728282454,,,,,,,,,1.0,,59.5,,,-711.3619710389177,,47.5,-0.3877681791782379,0.04900240898132324,1.0,,,,,-1.3796456960741117,,,,,,,,,,,,,,0.37607958912849426,,,263.0297554695117,,,,,22.28571319580078,,,,,,742.5004203091687,,,,,,,,6.495495760579194,,,,,1.973429714640253,0.0,,,,,,-680.2235217686666,,-12.217296480296879,,,,,1.0,,,64.1875,,,,,-17.142858505249023,,,-92.65123004994712,,,,,,,
238.9894,,0.0,0.0,,1.0,,0.0,,,,,,,,0.0,1.0,0.0,,,,,,,0.0,,,,,,,,,,0.0,,,,0.0,0.0,,,0.0,0.0,,,0.0,0.0,,,,,,0.019813999999996668,,0.0,0.0,,,,0.0,,,,,-0.0,,,,,,,,,,,,,,,0.0,0.0,0.0,,,,,3200.0,,,,0.0,0.0,,,1.0,,,,,,,,,1.0,8.996062992125914,,0.007478999999989355,
238.986951,,,,,,,,,,,,,0.0,,,,,,,,,,110.41348214285713,,,,,,,,,,,,,,,,,,,,,,,,,,,,,,,,,,,,,,,,,,,,,,,,,,1.0,,,,,,,,,,,,,,,,,,,,,,,,,,,,,,,,,,,
239.006987,,,,352.71622075205426,,50.78125,,,,,30.734891281551317,,,,,,,,,1.0,,55.25,,,-708.0452484437773,,62.9375,-0.43232521414756775,0.04900240898132324,1.0,,,,,-1.3257787203312503,,,,,,,,,,,,,,0.4206366240978241,,,261.3713941719415,,,,,22.28571319580078,,,,,,751.2503083494003,,,,,,,,6.495495760579194,,,,,2.4186655595223683,0.0,,,,,,-664.8401885381543,,-12.217296480296879,,,,,1.0,,,61.34375,,,,,-23.428571701049805,,,-92.65123004994712,,,,,,,
239.00947,,0.0,0.0,,1.0,,0.0,,,,,,,,0.0,1.0,0.0,,,,,,,0.0,,,,,,,,,,0.0,,,,0.0,0.0,,,0.0,0.0,,,0.0,0.0,,,,,,0.020036000000004606,,0.0,0.0,,,,0.0,,,,,-0.0,,,,,,,,,,,,,,,0.0,0.0,0.0,,,,,3200.0,,,,0.0,0.0,,,1.0,,,,,,,,,1.0,9.035433070866072,,0.002741999999983591,
239.012904,,,,,,,,,,,,,,,,,,,,,,,,,,,,,,,,,,,,,,,,0.0,,,,,,,,,,,,,,10.95,,,,,52.0,,,,,,,,,10.38733642578125,,-1.0,,,,,,,,,,,,,,170.0,,,,,,,,,,0.5435007810592651,,0.0,,,84.0,0.0,,,,,,,,
239.026969,,,,358.8915788393907,,51.65625,,,,,17.697006157800363,,,,,,,,,1.0,,50.90625,,,-704.0772730074891,,41.78125,-0.4766380786895752,0.04900240898132324,1.0,,,,,-1.3149793608915183,,,,,,,,,,,,,,0.46498000621795654,,,259.38740645379744,,,,,32.0,,,,,,747.2823329131121,,,,,,,,6.495495760579194,,,,,2.8647104608649103,0.0,,,,,,-660.8722131018661,,-12.217296480296879,,,,,1.0,,,61.46875,,,,,-23.428571701049805,,,-92.65123004994712,,,,,,,
239.030431,,0.0,0.0,,1.0,,0.0,,,,,,,,0.0,1.0,0.0,,,,,,,0.0,,,,,,,,,,0.0,,,,0.0,0.0,,,0.0,0.0,,,0.0,0.0,,,,,,0.019981999999998834,,0.0,0.0,,,,0.0,,,,,-0.0,,,,,,,,,,,,,,,0.0,0.0,0.0,,,,,3200.0,,,,0.0,0.0,,,1.0,,,,,,,,,1.0,8.976377952755836,,0.002908999999988282,
239.047288,,,,22.180401831827808,,47.625,,,,,354.205783294021,,,,,,,,,1.0,,60.3125,,,-700.5883472590642,,43.375,-0.521195113658905,0.04900240898132324,1.0,,,,,-1.2504982174669608,,,,,,,,,,,,,,0.5094149708747864,,,257.642943579585,,,,,32.0,,,,,,743.7934071646872,,,,,,,,6.495495760579194,,,,,3.1895232512871625,0.0,,,,,,-657.3832873534412,,-12.217296480296879,,,,,1.0,,,55.09375,,,,,-32.0,,,-92.65123004994712,,,,,,,
239.051567,,0.0,0.0,,1.0,,0.0,,,,,,,,0.0,1.0,0.0,,,,,,,0.0,,,,,,,,,,0.0,,,,0.0,0.0,,,0.0,0.0,,,0.0,0.0,,,,,,0.020319000000000642,,0.0,0.0,,,,0.0,,,,,-0.0,,,,,,,,,,,,,,,0.0,0.0,0.0,,,,,3200.0,,,,0.0,0.0,,,1.0,,,,,,,,,1.0,8.956692913385758,,0.004334999999997535,
239.067109,,,,29.272562962103407,,46.78125,,,,,8.580391455439148,,,,,,,,,1.0,,52.28125,,,-695.0001633433847,,67.09375,-0.5655385255813599,0.04900240898132324,1.0,,,,,-1.1416478852300291,,,,,,,,,,,,,,0.5760673880577087,,,254.94724760017107,,,,,44.0,,,,,,738.2052232490076,,,,,,,,6.495495760579194,,,,,3.6529525341762854,0.0,,,,,,-651.7951034377617,,-12.217296480296879,,,,,1.0,,,62.46875,,,,,-42.85714340209961,,,-92.55283407152126,,,,,,,
239.077945,,0.0,0.0,,1.0,,0.0,,,,,,,,0.0,1.0,0.0,,,,,,,0.0,,,,,,,,,,0.0,,,,0.0,0.0,,,0.0,0.0,,,0.0,0.0,,,,,,0.019820999999978994,,0.0,0.0,,,,0.0,,,,,-0.0,,,,,,,,,,,,,,,0.0,0.0,0.0,,,,,3200.0,,,,0.0,0.0,,,1.0,,,,,,,,,1.0,8.956692913385758,,0.004551999999989675,
239.087078,,,,24.877882335031877,,46.1875,,,,,18.74501553687619,,,,,,,,,1.0,,52.28125,,,-689.4223200282443,,61.15625,-0.6099734306335449,0.048015594482421875,1.0,,,,,-1.1095723109096995,,,,,,,,,,,,,,0.5982848405838013,,,252.15832594260084,,,,,58.28571701049805,,,,,,741.8820708994236,,,,,,,,6.576154153699014,,,,,4.128126175604337,0.0,,,,,,-636.9625691570649,,-12.20761975825541,,,,,1.0,,,49.03125,,,,,-42.85714340209961,,,-92.55283407152126,,,,,,,
239.08982,,0.0,0.0,,1.0,,0.0,,,,,,,,0.0,1.0,0.0,,,,,,,0.0,,,,,,,,,,0.0,,,,0.0,0.0,,,0.0,0.0,,,0.0,0.0,,,,,,0.019969000000003234,,0.0,0.0,,,,0.0,,,,,-0.0,,,,,,,,,,,,,,,0.0,0.0,0.0,,,,,3200.0,,,,0.0,0.0,,,1.0,,,,,,,,,1.0,9.015748031495995,,0.011110000000002174,
239.107054,,,,315.22038023906026,,47.96875,,,,,357.8979906721461,,,,,,,,,1.0,,61.28125,,,-683.4138911131038,,60.125,-0.6544083952903748,0.048015594482421875,1.0,,,,,-1.1452618826558454,,,,,,,,,,,,,,0.6429639458656311,,,249.15411148503063,,,,,58.28571701049805,,,,,,735.8736419842832,,,,,,,,6.576154153699014,,,,,4.471198455183792,0.0,,,,,,-630.9541402419244,,-12.20761975825541,,,,,1.0,,,59.28125,,,,,-56.57143020629883,,,-92.55283407152126,,,,,,,
239.109402,,0.0,0.0,,1.0,,0.0,,,,,,,,0.0,1.0,0.0,,,,,,,0.0,,,,,,,,,,0.0,,,,0.0,0.0,,,0.0,0.0,,,0.0,0.0,,,,,,0.019976000000013983,,0.0,0.0,,,,0.0,,,,,-0.0,,,,,,,,,,,,,,,0.0,0.0,0.0,,,,,3200.0,,,,0.0,0.0,,,1.0,,,,,,,,,1.0,9.035433070866073,,0.004409000000009655,
239.12701,,,,336.40427419841893,,45.125,,,,,29.008235449456762,,,,,,,,,1.0,,59.1875,,,-676.3087655539168,,49.5625,-0.6991790533065796,0.048015594482421875,1.0,,,,,-0.8758637673133021,,,,,,,,,,,,,,0.6871852874755859,,,245.73655606561672,,,,,72.00000762939453,,,,,,728.7685164250962,,,,,,,,6.576154153699014,,,,,4.856884331543012,0.0,,,,,,-623.8490146827374,,-12.20761975825541,,,,,1.0,,,52.3125,,,,,-70.85714721679688,,,-92.41782671134166,,,,,,,
239.130444,,0.0,0.0,,1.0,,0.0,,,,,,,,0.0,1.0,0.0,,,,,,,0.0,,,,,,,,,,0.0,,,,0.0,0.0,,,0.0,0.0,,,0.0,0.0,,,,,,0.019956000000007634,,0.0,0.0,,,,0.0,,,,,-0.0,,,,,,,,,,,,,,,0.0,0.0,0.0,,,,,3200.0,,,,0.0,0.0,,,1.0,,,,,,,,,1.0,9.055118110236151,,0.002692999999993617,
239.12701,,,,,,,,,,,,,0.0,,,,,,,,,,110.87586964285714,,,,,,,,,,,,,,,,,,,,,,,,,,,,,,,,,,,,,,,,,,,,,,,,,,1.0,,,,,,,,,,,,,,,,,,,,,,,,,,,,,,,,,,,
239.147291,,,,42.25989885312376,,39.75,,,,,19.694279529579916,,,,,,,,,1.0,,69.5,,,-671.4661958091792,,68.5,-0.7434003949165344,0.048015594482421875,1.0,,,,,-0.6613126217874451,,,,,,,,,,,,,,0.7538377046585083,,,243.31527119324798,,,,,85.71429443359375,,,,,,731.7225868536294,,,,,,,,6.576154153699014,,,,,5.067158574373479,0.0,,,,,,-611.209804764729,,-12.20761975825541,,,,,1.0,,,41.5625,,,,,-70.85714721679688,,,-92.41782671134166,,,,,,,
239.157237,,0.0,0.0,,1.0,,0.0,,,,,,,,0.0,1.0,0.0,,,,,,,0.0,,,,,,,,,,0.0,,,,0.0,0.0,,,0.0,0.0,,,0.0,0.0,,,,,,0.020280999999982896,,0.0,0.0,,,,0.0,,,,,-0.0,,,,,,,,,,,,,,,0.0,0.0,0.0,,,,,3200.0,,,,0.0,0.0,,,1.0,,,,,,,,,1.0,9.094488188976309,,0.0037269999999978154,
239.163382,,,,,,,,,,,,,,,,,,,,,,,,,,,,,,,,,,,,,,,,0.0,,,,,,,,,,,,,,9.25,,,,,123.0,,,,,,,,,8.80415380859375,,-1.0,,,,,,,,,,,,,,267.0,,,,,,,,,,0.506247341632843,,0.0,,,60.0,0.0,,,,,,,,
239.16704099999998,,,,8.782835075861966,,45.1875,,,,,33.21906972519652,,,,,,,,,1.0,,69.5,,,-663.38888293277,,51.3125,-0.7877437472343445,0.048015594482421875,1.0,,,,,-0.20181789633709676,,,,,,,,,,,,,,0.7982726693153381,,,239.44676643440792,,,,,85.71429443359375,,,,,,721.9934038718686,,,,,,,,6.576154153699014,,,,,5.484216768461307,0.0,,,,,,-601.4806217829681,,-12.20761975825541,,,,,1.0,,,54.5625,,,,,-85.14286041259766,,,-92.24767503197711,,,,,,,
239.177961,,0.0,0.0,,1.0,,0.0,,,,,,,,0.0,1.0,0.0,,,,,,,0.0,,,,,,,,,,0.0,,,,0.0,0.0,,,0.0,0.0,,,0.0,0.0,,,,,,0.019750000000016144,,0.0,0.0,,,,0.0,,,,,-0.0,,,,,,,,,,,,,,,0.0,0.0,0.0,,,,,3200.0,,,,0.0,0.0,,,1.0,,,,,,,,,1.0,9.094488188976309,,0.010354000000006636,
239.187022,,,,3.40667093787,,72.875,,,,,2.517300619058833,,,,,,,,,1.0,,47.125,,,-655.4559335376296,,47.3125,-0.8322702646255493,0.048015594482421875,1.0,,,,,0.19343478289359126,,,,,,,,,,,,,,0.8205206394195557,,,235.4802917368377,,,,,102.28572845458984,,,,,,722.5750191633898,,,,,,,,6.576154153699014,,,,,5.732655168489537,0.0,,,,,,-588.3368479118693,,-12.20761975825541,,,,,1.0,,,68.5625,,,,,-102.28572082519531,,,-92.24767503197711,,,,,,,
239.18951,,0.0,0.0,,1.0,,0.0,,,,,,,,0.0,1.0,0.0,,,,,,,0.0,,,,,,,,,,0.0,,,,0.0,0.0,,,0.0,0.0,,,0.0,0.0,,,,,,0.01998100000000136,,0.0,0.0,,,,0.0,,,,,-0.0,,,,,,,,,,,,,,,0.0,0.0,0.0,,,,,3200.0,,,,0.0,0.0,,,1.0,,,,,,,,,1.0,9.094488188976309,,0.011207999999982121,
239.207208,,,,20.520862393342053,,58.9375,,,,,11.309108851165963,,,,,,,,,1.0,,54.375,,,-645.8958061987767,,66.6875,-0.8766136765480042,0.048015594482421875,1.0,,,,,0.6967432924875118,,,,,,,,,,,,,,0.8649556040763855,,,230.90412753799768,,,,,120.0,,,,,,710.7637230465343,,,,,,,,6.576154153699014,,,,,6.083641437427803,0.0,,,,,,-576.5255517950138,,-12.20761975825541,,,,,1.0,,,58.875,,,,,-102.28572082519531,,,-92.04377556139065,,,,,,,
239.209548,,0.0,0.0,,1.0,,0.0,,,,,,,,0.0,1.0,0.0,,,,,,,0.0,,,,,,,,,,0.0,,,,0.0,0.0,,,0.0,0.0,,,0.0,0.0,,,,,,0.020185999999995374,,0.0,0.0,,,,0.0,,,,,-0.0,,,,,,,,,,,,,,,0.0,0.0,0.0,,,,,3200.0,,,,0.0,0.0,,,1.0,,,,,,,,,1.0,9.094488188976309,,0.002803000000000111,
239.226991,,,,38.312329051074265,,61.6875,,,,,14.960702127720952,,,,,,,,,1.0,,42.46875,,,-639.3629564540391,,38.875,-0.921048641204834,0.048015594482421875,1.0,,,,,1.0827637650245416,,,,,,,,,,,,,,0.9093905687332153,,,227.63770266562892,,,,,120.0,,,,,,710.4282328899311,,,,,,,,6.576154153699014,,,,,6.344670299848553,0.0,,,,,,-563.795342462142,,-4.947867753859712,,,,,1.0,,,59.1875,,,,,-118.28572082519531,,,-92.04377556139065,,,,,,,
239.229666,,0.0,0.0,,1.0,,0.0,,,,,,,,0.0,1.0,0.0,,,,,,,0.0,,,,,,,,,,0.0,,,,0.0,0.0,,,0.0,0.0,,,0.0,0.0,,,,,,0.01978299999998967,,0.0,0.0,,,,0.0,,,,,-0.0,,,,,,,,,,,,,,,0.0,0.0,0.0,,,,,3200.0,,,,0.0,0.0,,,1.0,,,,,,,,,1.0,9.055118110236151,,0.0026879999999778192,
239.246995,,,,17.901189007678145,,59.46875,,,,,23.77915172616204,,,,,,,,,1.0,,40.75,,,-625.9171167140651,,44.5,-0.965819239616394,0.048015594482421875,1.0,,,,,1.591645478573862,,,,,,,,,,,,,,0.9538254737854004,,,221.15109774285725,,,,,140.57144165039062,,,,,,696.3667893179462,,,,,,,,6.576154153699014,,,,,6.861992820016373,0.0,,,,,,-549.7338988901572,,-4.947867753859712,,,,,1.0,,,65.46875,,,,,-134.85714721679688,,,-91.80746061417528,,,,,,,
239.251657,,0.0,0.0,,1.0,,0.0,,,,,,,,0.0,1.0,0.0,,,,,,,0.0,,,,,,,,,,0.0,,,,0.0,0.0,,,0.0,0.0,,,0.0,0.0,,,,,,0.020004000000000133,,0.0,0.0,,,,0.0,,,,,-0.0,,,,,,,,,,,,,,,0.0,0.0,0.0,,,,,3200.0,,,,0.0,0.0,,,1.0,,,,,,,,,1.0,8.976377952755836,,0.0030130000000099244,
239.267131,,,,55.656780437455396,,64.3125,,,,,354.44957803113545,,,,,,,,,1.0,,42.90625,,,-617.6520220879356,,46.15625,-1.0,0.048015594482421875,1.0,,,,,1.8251115928441881,,,,,,,,,,,,,,0.9982604384422302,,,217.01855042979255,,,,,160.57144165039062,,,,,,693.7931708371984,,,,,,,,6.576154153699014,,,,,7.168345624893095,0.0,,,,,,-535.7773281186461,,-4.947867753859712,,,,,1.0,,,69.90625,,,,,-134.85714721679688,,,-91.80746061417528,,,,,,,
239.271741,,0.0,0.0,,1.0,,0.0,,,,,,,,0.0,1.0,0.0,,,,,,,0.0,,,,,,,,,,0.0,,,,0.0,0.0,,,0.0,0.0,,,0.0,0.0,,,,,,0.020136000000007925,,0.0,0.0,,,,0.0,,,,,-0.0,,,,,,,,,,,,,,,0.0,0.0,0.0,,,,,3200.0,,,,0.0,0.0,,,1.0,,,,,,,,,1.0,8.937007874015679,,0.0049309999999991305,
239.287249,,,,32.83142174266749,,50.28125,,,,,18.475195009401535,,,,,,,,,1.0,,44.875,,,-605.9730246787457,,52.34375,-1.0,0.047977447509765625,1.0,,,,,2.35194514568969,,,,,,,,,,,,,,1.0,,,211.44650801222235,,,,,160.57144165039062,,,,,,681.6197802391171,,,,,,,,6.338085293504311,,,,,7.478447958283742,0.0,,,,,,-523.6039375205647,,-4.947867753859712,,,,,1.0,,,2.4375,,,,,-151.42857360839844,,,-91.54000432715048,,,,,,,
239.295476,,0.0,0.0,,1.0,,0.0,,,,,,,,0.0,1.0,0.0,,,,,,,0.0,,,,,,,,,,0.0,,,,0.0,0.0,,,0.0,0.0,,,0.0,0.0,,,,,,0.020117999999996528,,0.0,0.0,,,,0.0,,,,,-0.0,,,,,,,,,,,,,,,0.0,0.0,0.0,,,,,3200.0,,,,0.0,0.0,,,1.0,,,,,,,,,1.0,8.976377952755836,,0.004896999999999707,
239.287249,,,,,,,,,,,,,0.0,,,,,,,,,,110.54559285714285,,,,,,,,,,,,,,,,,,,,,,,,,,,,,,,,,,,,,,,,,,,,,,,,,,1.0,,,,,,,,,,,,,,,,,,,,,,,,,,,,,,,,,,,
239.307075,,,,15.53868866436428,,38.5,,,,,26.500307611979128,,,,,,,,,1.0,,44.40625,,,-594.7732799624575,,48.375,-1.0,0.047977447509765625,1.0,,,,,3.19730427489162,,,,,,,,,,,,,,1.0,,,205.84663565407826,,,,,176.57144165039062,,,,,,675.7094458468969,,,,,,,,6.338085293504311,,,,,7.7502138426776686,0.0,,,,,,-507.1147824802086,,-4.947867753859712,,,,,1.0,,,42.40625,,,,,-151.42857360839844,,,-91.54000432715048,,,,,,,
239.310878,,0.0,0.0,,1.0,,0.0,,,,,,,,0.0,1.0,0.0,,,,,,,0.0,,,,,,,,,,0.0,,,,0.0,0.0,,,0.0,0.0,,,0.0,0.0,,,,,,0.019825999999994792,,0.0,0.0,,,,0.0,,,,,-0.0,,,,,,,,,,,,,,,0.0,0.0,0.0,,,,,3200.0,,,,0.0,0.0,,,1.0,,,,,,,,,1.0,9.015748031495994,,0.008510000000001128,
239.315227,,,,,,,,,,,,,,,,,,,,,,,,,,,,,,,,,,,,,,,,0.0,,,,,,,,,,,,,,8.9,,,,,197.625,,,,,,,,,8.659656982421875,,-1.0,,,,,,,,,,,,,,105.0,,,,,,,,,,0.5428269505500793,,0.0,,,78.0,0.0,,,,,,,,
239.327001,,,,10.294408701089566,,34.71875,,,,,20.746302387206516,,,,,,,,,1.0,,57.53125,,,-585.6035085309926,,52.15625,-1.0,0.047977447509765625,1.0,,,,,3.6160332350339344,,,,,,,,,,,,,,1.0,,,201.55912588043964,,,,,176.57144165039062,,,,,,665.9698817691961,,,,,,,,6.338085293504311,,,,,7.90478647906224,0.0,,,,,,-497.3752184025078,,-4.947867753859712,,,,,1.0,,,34.625,,,,,-170.85716247558594,,,-91.24262838505666,,,,,,,
239.330129,,0.0,0.0,,1.0,,0.0,,,,,,,,0.0,1.0,0.0,,,,,,,0.0,,,,,,,,,,0.0,,,,0.0,0.0,,,0.0,0.0,,,0.0,0.0,,,,,,0.019925999999998112,,0.0,0.0,,,,0.0,,,,,-0.0,,,,,,,,,,,,,,,0.0,0.0,0.0,,,,,3200.0,,,,0.0,0.0,,,1.0,,,,,,,,,1.0,9.055118110236151,,0.004096000000004096,
239.347007,,,,137.57893159682644,,25.4375,,,,,173.3039741416321,,,,,,,,,1.0,,62.25,,,-573.8073620865753,,53.34375,-1.0,0.047977447509765625,1.0,,,,,4.265546814353233,,,,,,,,,,,,,,1.0,,,195.98717362286945,,,,,193.1428680419922,,,,,,654.7093799379991,,,,,,,,6.338085293504311,,,,,8.538715747110453,0.0,,,,,,-476.1958960066588,,-4.947867753859712,,,,,1.0,,,27.84375,,,,,-193.1428680419922,,,-90.91650742041816,,,,,,,
239.35308,,0.0,0.0,,1.0,,0.0,,,,,,,,0.0,1.0,0.0,,,,,,,0.0,,,,,,,,,,0.0,,,,0.0,0.0,,,0.0,0.0,,,0.0,0.0,,,,,,0.020005999999995083,,0.0,0.0,,,,0.0,,,,,-0.0,,,,,,,,,,,,,,,0.0,0.0,0.0,,,,,3200.0,,,,0.0,0.0,,,1.0,,,,,,,,,1.0,9.094488188976309,,0.00340700000000993,
239.367066,,,,42.74705432363538,,34.4375,,,,,5.762520801988666,,,,,,,,,1.0,,53.90625,,,-562.4523778114348,,48.3125,-1.0,0.047977447509765625,1.0,,,,,4.92175135806473,,,,,,,,,,,,,,1.0,,,190.30968148529922,,,,,206.2857208251953,,,,,,651.9672081165535,,,,,,,,6.338085293504311,,,,,8.34952954563929,0.0,,,,,,-464.0900161681047,,-4.947867753859712,,,,,1.0,,,37.75,,,,,-193.1428680419922,,,-90.91650742041816,,,,,,,
239.369909,,0.0,0.0,,1.0,,0.0,,,,,,,,0.0,1.0,0.0,,,,,,,0.0,,,,,,,,,,0.0,,,,0.0,0.0,,,0.0,0.0,,,0.0,0.0,,,,,,0.02005900000000338,,0.0,0.0,,,,0.0,,,,,-0.0,,,,,,,,,,,,,,,0.0,0.0,0.0,,,,,3200.0,,,,0.0,0.0,,,1.0,,,,,,,,,1.0,9.074803149606229,,0.006364000000019132,
239.386984,,,,14.90788332470824,,63.59375,,,,,31.585109703032114,,,,,,,,,1.0,,56.1875,,,-549.6323221275701,,34.25,-1.0,0.047977447509765625,1.0,,,,,5.240621784956073,,,,,,,,,,,,,,1.0,,,184.2533869858853,,,,,206.2857208251953,,,,,,634.1811170280816,,,,,,,,6.338085293504311,,,,,7.755088662574154,0.0,,,,,,-446.3039250796329,,-4.947867753859712,,,,,1.0,,,53.1875,,,,,-213.7143096923828,,,-90.56277407789975,,,,,,,
239.390689,,0.0,0.0,,1.0,,0.0,,,,,,,,0.0,1.0,0.0,,,,,,,0.0,,,,,,,,,,0.0,,,,0.0,0.0,,,0.0,0.0,,,0.0,0.0,,,,,,0.01991800000001831,,0.0,0.0,,,,0.0,,,,,-0.0,,,,,,,,,,,,,,,0.0,0.0,0.0,,,,,3200.0,,,,0.0,0.0,,,1.0,,,,,,,,,1.0,9.055118110236151,,0.003329000000007909,
239.407009,,,,27.554487483007364,,73.75,,,,,46.74565502940214,,,,,,,,,1.0,,25.75,,,-538.2742958554134,,20.78125,-1.0,0.047977447509765625,1.0,,,,,6.562651968936931,,,,,,,,,,,,,,1.0,,,178.9546241895849,,,,,220.0,,,,,,626.2664461744123,,,,,,,,6.338085293504311,,,,,7.1963073668996875,0.0,,,,,,-429.5015032183758,,-4.947867753859712,,,,,1.0,,,52.875,,,,,-220.57144165039062,,,-90.18252373812174,,,,,,,
239.410676,,0.0,0.0,,1.0,,0.0,,,,,,,,0.0,1.0,0.0,,,,,,,0.0,,,,,,,,,,0.0,,,,0.0,0.0,,,0.0,0.0,,,0.0,0.0,,,,,,0.020024999999975535,,0.0,0.0,,,,0.0,,,,,-0.0,,,,,,,,,,,,,,,0.0,0.0,0.0,,,,,3200.0,,,,0.0,0.0,,,1.0,,,,,,,,,1.0,9.055118110236151,,0.004025999999981877,
239.427031,,,,59.66564838196614,,64.0,,,,,4.270793686526776,,,,,,,,,1.0,,15.84375,,,-526.0036517014931,,13.21875,-1.0,0.05332040786743164,1.0,,,,,7.342689492633141,,,,,,,,,,,,,,1.0,,,173.22500695144083,,,,,244.57144165039062,,,,,,617.2889299731993,,,,,,,,6.730323574483108,,,,,7.362239438652275,0.0,,,,,,-412.05070287715733,,-17.449796373827866,,,,,1.0,,,70.15625,,,,,-220.57144165039062,,,-89.77681889930574,,,,,,,
239.430257,,0.0,0.0,,1.0,,0.0,,,,,,,,0.0,1.0,0.0,,,,,,,0.0,,,,,,,,,,0.0,,,,0.0,0.0,,,0.0,0.0,,,0.0,0.0,,,,,,0.02002200000001153,,0.0,0.0,,,,0.0,,,,,-0.0,,,,,,,,,,,,,,,0.0,0.0,0.0,,,,,3200.0,,,,0.0,0.0,,,1.0,,,,,,,,,1.0,9.035433070866073,,0.003977000000020325,
239.427031,,,,,,,,,,,,,,,,,,,,,,,110.87586964285714,,,,,,,,,,,,,,,,,,,,,,,,,,,,,,,,,,,,,,,,,,,,,,,,,,,,,,,,,,,,,,,,,,,,,,,,,,,,,,,,,,,,,
239.447034,,,,,,,,,,,,,,,,,,,,,,,,,,,,,0.05332040786743164,1.0,,,,,,,,,,,,,,,,,,,,,,,,,,,,,,,,,,,,,,,,,6.730323574483108,,,,,,0.0,,,,,,,,-17.449796373827866,,,,,1.0,,,,,,,,,,,,,,,,,,
239.427031,,,,,,,,,,,,,0.0,,,,,,,,,,,,,,,,,,,,,,,,,,,,,,,,,,,,,,,,,,,,,,,,,,,,,,,,,,,,1.0,,,,,,,,,,,,,,,,,,,,,,,,,,,,,,,,,,,
239.447034,,,,4.49120686317551,,56.875,,,,,6.261662334243976,,,,,,,,,1.0,,12.71875,,,-514.2039857075005,,22.3125,-1.0,,,,,,,7.622369676687324,,,,,,,,,,,,,,1.0,,,167.3251739544445,,,,,244.57144165039062,,,,,,609.5431271067719,,,,,,,,,,,,,7.480921517894992,,,,,,,-396.1971737555995,,,,,,,,,,56.40625,,,,,-228.0,,,-89.77681889930574,,,,,,,
239.465901,,,,,,,,,,,,,,,,,,,,,,,,,,,,,,,,,,,,,,,,0.0,,,,,,,,,,,,,,9.4,,,,,185.5,,,,,,,,,8.358098388671875,,-1.0,,,,,,,,,,,,,,140.0,,,,,,,,,,0.48959141969680786,,0.0,,,60.0,0.0,,,,,,,,
239.466223,,0.0,0.0,,1.0,,0.0,,,,,,,,0.0,1.0,0.0,,,,,,,0.0,,,,,,,,,,0.0,,,,0.0,0.0,,,0.0,0.0,,,0.0,0.0,,,,,,0.020003000000002658,,0.0,0.0,,,,0.0,,,,,-0.0,,,,,,,,,,,,,,,0.0,0.0,0.0,,,,,3200.0,,,,0.0,0.0,,,1.0,,,,,,,,,1.0,9.114173228346388,,0.0035239999999987504,
239.473409,,,,40.66713977428285,,44.09375,,,,,1.543061225749544,,,,,,,,,1.0,,50.03125,,,-497.0196495796964,,62.28125,-1.0,0.05332040786743164,1.0,,,,,7.8433507717523625,,,,,,,,,,,,,,1.0,,,159.1631315722467,,,,,269.14288330078125,,,,,,592.3564867083687,,,,,,,,6.730323574483108,,,,,7.803556347459193,0.0,,,,,,-379.0105333571963,,-17.449796373827866,,,,,1.0,,,54.0,,,,,-239.42857360839844,,,-89.34669321760151,,,,,,,
239.478221,,0.0,0.0,,1.0,,0.0,,,,,,,,0.0,1.0,0.0,,,,,,,0.0,,,,,,,,,,0.0,,,,0.0,0.0,,,0.0,0.0,,,0.0,0.0,,,,,,0.02637500000000159,,0.0,0.0,,,,0.0,,,,,-0.0,,,,,,,,,,,,,,,0.0,0.0,0.0,,,,,3200.0,,,,0.0,0.0,,,1.0,,,,,,,,,1.0,9.212598425196783,,0.019485000000003083,
239.48719,,,,39.44735593582398,,37.78125,,,,,348.8945511472785,,,,,,,,,1.0,,50.03125,,,-490.0287739851142,,47.1875,-1.0,0.05332040786743164,1.0,,,,,8.0885293552299,,,,,,,,,,,,,,1.0,,,156.12123178380955,,,,,272.57147216796875,,,,,,588.3645182101202,,,,,,,,6.730323574483108,,,,,7.816967319774387,0.0,,,,,,-367.23672113033297,,-17.449796373827866,,,,,1.0,,,44.65625,,,,,-239.42857360839844,,,-88.89315520874754,,,,,,,
239.489961,,0.0,0.0,,1.0,,0.0,,,,,,,,0.0,1.0,0.0,,,,,,,0.0,,,,,,,,,,0.0,,,,0.0,0.0,,,0.0,0.0,,,0.0,0.0,,,,,,0.013780999999994492,,0.0,0.0,,,,0.0,,,,,-0.0,,,,,,,,,,,,,,,0.0,0.0,0.0,,,,,3200.0,,,,0.0,0.0,,,1.0,,,,,,,,,1.0,9.173228346456625,,0.005098000000003822,
239.507042,,,,71.6242453413526,,37.78125,,,,,12.368392056905265,,,,,,,,,1.0,,43.8125,,,-475.30519372117124,,36.4375,-1.0,0.05332040786743164,1.0,,,,,8.705883231655475,,,,,,,,,,,,,,1.0,,,149.2354052455434,,,,,272.57147216796875,,,,,,576.5522399677873,,,,,,,,6.730323574483108,,,,,8.2724100997373,0.0,,,,,,-347.93575525157684,,-17.449796373827866,,,,,1.0,,,47.5,,,,,-249.1428680419922,,,-88.41719161504221,,,,,,,
239.514511,,0.0,0.0,,1.0,,0.0,,,,,,,,0.0,1.0,0.0,,,,,,,0.0,,,,,,,,,,0.0,,,,0.0,0.0,,,0.0,0.0,,,0.0,0.0,,,,,,0.019852000000014414,,0.0,0.0,,,,0.0,,,,,-0.0,,,,,,,,,,,,,,,0.0,0.0,0.0,,,,,3200.0,,,,0.0,0.0,,,1.0,,,,,,,,,1.0,9.015748031495995,,0.003297000000003436,
239.527016,,,,58.00636653036491,,30.09375,,,,,5.269335775595692,,,,,,,,,1.0,,43.625,,,-461.538129101153,,41.4375,-1.0,0.05332040786743164,1.0,,,,,9.531772968430358,,,,,,,,,,,,,,1.0,,,142.8492941079732,,,,,277.7143249511719,,,,,,564.7372465410543,,,,,,,,6.730323574483108,,,,,8.649993621370177,0.0,,,,,,-328.8978458144417,,-17.449796373827866,,,,,1.0,,,32.0625,,,,,-249.1428680419922,,,-87.9197704426033,,,,,,,
239.530941,,0.0,0.0,,1.0,,0.0,,,,,,,,0.0,1.0,0.0,,,,,,,0.0,,,,,,,,,,0.0,,,,0.0,0.0,,,0.0,0.0,,,0.0,0.0,,,,,,0.01997399999999061,,0.0,0.0,,,,0.0,,,,,-0.0,,,,,,,,,,,,,,,0.0,0.0,0.0,,,,,3200.0,,,,0.0,0.0,,,1.0,,,,,,,,,1.0,8.897637795275523,,0.007765999999975293,
239.547122,,,,34.10543967329503,,23.90625,,,,,21.34660657557541,,,,,,,,,1.0,,52.84375,,,-448.02186396906274,,47.71875,-1.0,0.05332040786743164,1.0,,,,,10.397639627086495,,,,,,,,,,,,,,1.0,,,136.60908830982916,,,,,277.7143249511719,,,,,,553.1670132871972,,,,,,,,6.730323574483108,,,,,9.028619165932755,0.0,,,,,,-310.3472661357372,,-17.449796373827866,,,,,1.0,,,30.28125,,,,,-261.7143249511719,,,-87.4018436747022,,,,,,,
239.549716,,0.0,0.0,,1.0,,0.0,,,,,,,,0.0,1.0,0.0,,,,,,,0.0,,,,,,,,,,0.0,,,,0.0,0.0,,,0.0,0.0,,,0.0,0.0,,,,,,0.020105999999998403,,0.0,0.0,,,,0.0,,,,,-0.0,,,,,,,,,,,,,,,0.0,0.0,0.0,,,,,3200.0,,,,0.0,0.0,,,1.0,,,,,,,,,1.0,8.897637795275523,,0.004478000000005977,
239.567007,,,,61.888180412296826,,19.9375,,,,,332.2473097978768,,,,,,,,,1.0,,71.4375,,,-434.61239060099916,,50.8125,-1.0,0.05332040786743164,1.0,,,,,11.038346666548806,,,,,,,,,,,,,,1.0,,,130.4418456328328,,,,,285.14288330078125,,,,,,542.5426609066562,,,,,,,,6.730323574483108,,,,,8.880197747894305,0.0,,,,,,-292.96526199003085,,-17.449796373827866,,,,,1.0,,,22.28125,,,,,-274.8571472167969,,,-86.86434966766677,,,,,,,
239.570053,,0.0,0.0,,1.0,,0.0,,,,,,,,0.0,1.0,0.0,,,,,,,0.0,,,,,,,,,,0.0,,,,0.0,0.0,,,0.0,0.0,,,0.0,0.0,,,,,,0.01988499999998794,,0.0,0.0,,,,0.0,,,,,-0.0,,,,,,,,,,,,,,,0.0,0.0,0.0,,,,,3200.0,,,,0.0,0.0,,,1.0,,,,,,,,,1.0,8.956692913385758,,0.004049000000009073,
239.587013,,,,57.397473436647076,,22.125,,,,,359.5991029132615,,,,,,,,,1.0,,58.3125,,,-423.9741071125825,,59.71875,-0.983214795589447,0.05332040786743164,1.0,,,,,11.637088247189958,,,,,,,,,,,,,,1.0,,,125.67883831976809,,,,,284.0000305175781,,,,,,534.4727853141761,,,,,,,,6.730323574483108,,,,,8.568225596344586,0.0,,,,,,-278.34323840145396,,-17.449796373827866,,,,,1.0,,,23.9375,,,,,-274.8571472167969,,,-86.30821523652315,,,,,,,
239.590866,,0.0,,,1.0,,,,,,,,,,,1.0,,,,,,,,0.0,,,,,,,,,,0.0,,,,0.0,0.0,,,,0.0,,,0.0,0.0,,,,,,0.020006000000023505,,0.0,,,,,0.0,,,,,-0.0,,,,,,,,,,,,,,,0.0,0.0,,,,,,3200.0,,,,0.0,0.0,,,1.0,,,,,,,,,1.0,8.956692913385758,,0.0033310000000028595,
239.587013,,,,,,,,,,,,,0.0,,,,,,,,,,110.47953749999999,,,,,,,,,,,,,,,,,,,,,,,,,,,,,,,,,,,,,,,,,,,,,,,,,,1.0,,,,,,,,,,,,,,,,,,,,,,,,,,,,,,,,,,,
239.590866,,,0.0,,,,0.0,,,,,,,,0.0,,0.0,,,,,,,,,,,,,,,,,,,,,,,,,0.0,,,,,,,,,,,,,,0.0,,,,,,,,,,,,,,,,,,,,,,,,,,0.0,,,,,,,,,,,,,,,,,,,,,,,,,,
239.607015,,,,22.429450010063956,,47.5,,,,,316.8678693920299,,,,,,,,,1.0,,52.09375,,,-410.83528636229653,,45.0,-0.938657820224762,0.05332040786743164,1.0,,,,,12.138515973661997,,,,,,,,,,,,,,1.0,,,119.68328574289382,,,,,284.0000305175781,,,,,,524.5147859455731,,,,,,,,6.730323574483108,,,,,7.979224372512852,0.0,,,,,,-262.0235962694852,,-17.449796373827866,,,,,1.0,,,41.40625,,,,,-283.4285888671875,,,-85.73435743825445,,,,,,,
239.611299,,0.0,0.0,,1.0,,0.0,,,,,,,,0.0,1.0,0.0,,,,,,,0.0,,,,,,,,,,0.0,,,,0.0,0.0,,,0.0,0.0,,,0.0,0.0,,,,,,0.02000199999997676,,0.0,0.0,,,,0.0,,,,,-0.0,,,,,,,,,,,,,,,0.0,0.0,0.0,,,,,3200.0,,,,0.0,0.0,,,1.0,,,,,,,,,1.0,8.897637795275521,,0.011843999999996413,
239.61645,,,,,,,,,,,,,,,,,,,,,,,,,,,,,,,,,,,,,,,,0.0,,,,,,,,,,,,,,8.95,,,,,164.0,,,,,,,,,8.8921083984375,,-1.0,,,,,,,,,,,,,,145.0,,,,,,,,,,0.508269727230072,,0.0,,,78.0,0.0,,,,,,,,
239.627053,,,,37.71848001904572,,42.625,,,,,312.2257750185849,,,,,,,,,1.0,,35.15625,,,-396.52707425073504,,38.3125,-0.8944364786148071,0.05332040786743164,1.0,,,,,12.465988569401112,,,,,,,,,,,,,,1.0,,,113.11985206405376,,,,,286.2857360839844,,,,,,512.6203926354731,,,,,,,,6.730323574483108,,,,,7.205798680694757,0.0,,,,,,-243.94487771464998,,-17.449796373827866,,,,,1.0,,,55.21875,,,,,-278.857177734375,,,-85.14368506131376,,,,,,,
239.630707,,0.0,0.0,,1.0,,0.0,,,,,,,,0.0,1.0,0.0,,,,,,,0.0,,,,,,,,,,0.0,,,,0.0,0.0,,,0.0,0.0,,,0.0,0.0,,,,,,0.020037999999999556,,0.0,0.0,,,,0.0,,,,,-0.0,,,,,,,,,,,,,,,0.0,0.0,0.0,,,,,3200.0,,,,0.0,0.0,,,1.0,,,,,,,,,1.0,8.956692913385758,,0.004574000000019396,
239.647004,,,,54.35408379015691,,46.96875,,,,,335.0227339521899,,,,,,,,,1.0,,21.0,,,-382.05714093338224,,18.375,-0.8500015139579773,0.05332040786743164,1.0,,,,,13.786357477807375,,,,,,,,,,,,,,1.0,,,107.11307312648358,,,,,294.28570556640625,,,,,,500.6074630903144,,,,,,,,6.730323574483108,,,,,7.043922546922599,0.0,,,,,,-225.91326356985294,,-17.449796373827866,,,,,1.0,,,46.375,,,,,-278.857177734375,,,-83.91549734020754,,,,,,,
239.651728,,0.0,0.0,,1.0,,0.0,,,,,,,,0.0,1.0,0.0,,,,,,,0.0,,,,,,,,,,0.0,,,,0.0,0.0,,,0.0,0.0,,,0.0,0.0,,,,,,0.019951000000020258,,0.0,0.0,,,,0.0,,,,,-0.0,,,,,,,,,,,,,,,0.0,0.0,0.0,,,,,3200.0,,,,0.0,0.0,,,1.0,,,,,,,,,1.0,9.015748031495995,,0.0039450000000158525,
239.666994,,,,39.05658424435569,,41.09375,,,,,338.140954419783,,,,,,,,,1.0,,11.8125,,,-370.2014178170941,,9.65625,-0.8054444789886475,0.05332040786743164,1.0,,,,,14.432574253038304,,,,,,,,,,,,,,1.0,,,101.18521156833953,,,,,294.28570556640625,,,,,,494.54215137476973,,,,,,,,6.730323574483108,,,,,6.793950562438416,0.0,,,,,,-208.26712905282136,,-17.449796373827866,,,,,1.0,,,45.71875,,,,,-281.71429443359375,,,-83.91549734020754,,,,,,,
239.67067,,0.0,0.0,,1.0,,0.0,,,,,,,,0.0,1.0,0.0,,,,,,,0.0,,,,,,,,,,0.0,,,,0.0,0.0,,,0.0,0.0,,,0.0,0.0,,,,,,0.019989999999978636,,0.0,0.0,,,,0.0,,,,,-0.0,,,,,,,,,,,,,,,0.0,0.0,0.0,,,,,3200.0,,,,0.0,0.0,,,1.0,,,,,,,,,1.0,9.09448818897631,,0.005014999999986003,
239.666994,,,,,,,,,,,,,,,,,,,,,,,,,,,,,,,,,,,,,91.0,,,,,,,,,,,,,,,,,,,,,,,,69.95811855670104,,,,,,,,82.3,,,,,,,,,,,,,,,,,,,,,,,,,,,,,,,,,,,,,,,
239.687747,,,,30.510067003120277,,40.5,,,,,20.002184224575306,,,,,,,,,1.0,,7.625,,,-355.73414861394866,,7.03125,-0.7611011266708374,0.05332040786743164,1.0,,,,,15.488686272618843,,,,,,,,,,,,,,1.0,,,95.23627825134318,,,,,304.0,,,,,,479.5161108335752,,,,,,,,6.730323574483108,,,,,7.017110509927611,0.0,,,,,,-193.2410885116269,,-17.449796373827866,,,,,1.0,,,41.03125,,,,,-285.1428527832031,,,-82.63079605563115,,,,,,,
239.69105,,0.0,0.0,,1.0,,0.0,,,,,,,,0.0,1.0,0.0,,,,,,,0.0,,,,,,,,,,0.0,,,,0.0,0.0,,,0.0,0.0,,,0.0,0.0,,,,,,0.020753000000013344,,0.0,0.0,,,,0.0,,,,,-0.0,,,,,,,,,,,,,,,0.0,0.0,0.0,,,,,3200.0,,,,0.0,0.0,,,1.0,,,,,,,,,1.0,9.09448818897631,,0.003965000000022201,
239.706966,,,,358.55535204090006,,34.25,,,,,15.661292264325597,,,,,,,,,1.0,,18.9375,,,-346.3475905478193,,39.0625,-0.7166661620140076,0.05332040786743164,1.0,,,,,14.805993199950692,,,,,,,,,,,,,,1.0,,,90.54299921827851,,,,,314.8571472167969,,,,,,474.782702411262,,,,,,,,6.730323574483108,,,,,7.13225429213727,0.0,,,,,,-179.2013808016815,,-17.449796373827866,,,,,1.0,,,44.625,,,,,-285.1428527832031,,,-82.63079605563115,,,,,,,
239.710517,,0.0,0.0,,1.0,,0.0,,,,,,,,0.0,1.0,0.0,,,,,,,0.0,,,,,,,,,,0.0,,,,0.0,0.0,,,0.0,0.0,,,0.0,0.0,,,,,,0.019218999999992548,,0.0,0.0,,,,0.0,,,,,-0.0,,,,,,,,,,,,,,,0.0,0.0,0.0,,,,,3200.0,,,,0.0,0.0,,,1.0,,,,,,,,,1.0,8.996062992125918,,0.004141000000004169,
239.731685,,,,18.360366432994958,,27.3125,,,,,354.93425188905934,,,,,,,,,1.0,,62.34375,,,-333.7791798860535,,56.6875,-0.6721091270446777,0.12735295295715332,1.0,,,,,14.549636563071845,,,,,,,,,,,,,,1.0,,,85.59294734521376,,,,,314.8571472167969,,,,,,453.80133245337333,,,,,,,,4.294050499042252,,,,,7.122590094408823,0.0,,,,,,-158.22001084379286,,15.893669462318876,,,,,1.0,,,26.15625,,,,,-284.5714111328125,,,-81.29664259781299,,,,,,,
239.739768,,0.0,0.0,,1.0,,0.0,,,,,,,,0.0,1.0,0.0,,,,,,,0.0,,,,,,,,,,0.0,,,,0.0,0.0,,,0.0,0.0,,,0.0,0.0,,,,,,0.0247190000000046,,0.0,0.0,,,,0.0,,,,,-0.0,,,,,,,,,,,,,,,0.0,0.0,0.0,,,,,3200.0,,,,0.0,0.0,,,1.0,,,,,,,,,1.0,8.97637795275584,,0.0038419999999916854,
239.746976,,,,42.51923319331711,,19.53125,,,,,30.441396630921137,,0.0,,,,,,,1.0,,49.40625,111.27220178571429,,-312.5933653510108,,51.625,-0.6052430868148804,0.12735295295715332,1.0,,,,,15.808412102046669,,,,,,,,,,,,,,1.0,,,75.0000400776924,,,,,317.1428527832031,,,,,,441.88253633377127,,,,,,,,4.294050499042252,,1.0,,,8.940856041423665,0.0,,,,,,-147.38480121114128,,15.893669462318876,,,,,1.0,,,20.09375,,,,,-279.9999694824219,,,-81.29664259781299,,,,,,,
239.758341,,0.0,0.0,,1.0,,0.0,,,,,,,,0.0,1.0,0.0,,,,,,,0.0,,,,,,,,,,0.0,,,,0.0,0.0,,,0.0,0.0,,,0.0,0.0,,,,,,0.015290999999990618,,0.0,0.0,,,,0.0,,,,,-0.0,,,,,,,,,,,,,,,0.0,0.0,0.0,,,,,3200.0,,,,0.0,0.0,,,1.0,,,,,,,,,1.0,9.035433070866077,,0.008379999999988286,
239.767263,,,,,,,,,,,,,,,,,,,,,,,,,,,,,,,,,,,,,,,,,,,,,,,,,,,,,,,,,,,,,,,,,,,,,,-1.0,,,,,,,,,,,,,,,,,,,,,,,,,,,,,60.0,,,,,,,,,
239.767948,,,,,,,,,,,,,,,,,,,,,,,,,,,,,0.12735295295715332,1.0,,,,,,,,,,,,,,,,,,,,,,,,,,,,,,,,,,,,,,,,,4.294050499042252,,,,,,0.0,,,,,,,,15.893669462318876,,,,,1.0,,,,,,,,,,,,,,,,,,
239.767263,,,,,,,,,,,,,,,,,,,,,,,,,,,,,,,,,,,,,,,,0.0,,,,,,,,,,,,,,9.9,,,,,122.0,,,,,,,,,9.369576171875,,,,,,,,,,,,,,,,111.0,,,,,,,,,,0.492109477519989,,0.0,,,,0.0,,,,,,,,
239.767948,,,,11.816059957963544,,15.46875,,,,,12.119684714649726,,,,,,,,,1.0,,66.25,,,-299.98855507181486,,58.46875,-0.5833613276481628,,,,,,,15.6069748348921,,,,,,,,,,,,,,1.0,,,70.07425922335784,,,,,321.142822265625,,,,,,429.27772605457534,,,,,,,,,,,,,9.240782501031628,,,,,,,-134.77999093194535,,,,,,,,,,15.25,,,,,-279.9999694824219,,,-79.92001831254959,,,,,,,
239.777828,,0.0,0.0,,1.0,,0.0,,,,,,,,0.0,1.0,0.0,,,,,,,0.0,,,,,,,,,,0.0,,,,0.0,0.0,,,0.0,0.0,,,0.0,0.0,,,,,,0.020972000000000435,,0.0,0.0,,,,0.0,,,,,-0.0,,,,,,,,,,,,,,,0.0,0.0,0.0,,,,,3200.0,,,,0.0,0.0,,,1.0,,,,,,,,,1.0,9.055118110236155,,0.01865000000000805,
239.787066,,,,50.110999265458126,,6.0,,,,,38.03127418517862,,,,,,,,,1.0,,66.25,,,-288.44668226837797,,56.25,-0.538560152053833,0.12735295295715332,1.0,,,,,16.59116363747396,,,,,,,,,,,,,,1.0,,,65.7155271902931,,,,,321.142822265625,,,,,,396.65317933863815,,,,,,,,4.294050499042252,,,,,10.3129944397158,0.0,,,,,,-103.12286401772059,,15.893669462318876,,,,,1.0,,,4.53125,,,,,-273.142822265625,,,-78.50781394389588,,,,,,,
239.790302,,0.0,0.0,,1.0,,0.0,,,,,,,,0.0,1.0,0.0,,,,,,,0.0,,,,,,,,,,0.0,,,,0.0,0.0,,,0.0,0.0,,,0.0,0.0,,,,,,0.019118000000020174,,0.0,0.0,,,,0.0,,,,,-0.0,,,,,,,,,,,,,,,0.0,0.0,0.0,,,,,3200.0,,,,0.0,0.0,,,1.0,,,,,,,,,1.0,8.97637795275584,,0.010170000000016444,
239.806974,,,,35.45425186002949,,0.0,,,,,15.820516775962197,,,,,,,,,1.0,,68.25,,,-279.9231073222485,,63.59375,-0.4944608807563782,0.12735295295715332,1.0,,,,,17.412532689544054,,,,,,,,,,,,,,1.0,,,61.45373971722836,,,,,317.7142639160156,,,,,,408.3027903071218,,,,,,,,4.294050499042252,,,,,11.583238595657084,0.0,,,,,,-115.62403118026606,,15.893669462318876,,,,,1.0,,,0.0,,,,,-273.142822265625,,,-78.50781394389588,,,,,,,
239.809218,,0.0,0.0,,1.0,,0.0,,,,,,,,0.0,1.0,0.0,,,,,,,0.0,,,,,,,,,,0.0,,,,0.0,0.0,,,0.0,0.0,,,0.0,0.0,,,,,,0.019907999999986714,,0.0,0.0,,,,0.0,,,,,-0.0,,,,,,,,,,,,,,,0.0,0.0,0.0,,,,,3200.0,,,,0.0,0.0,,,1.0,,,,,,,,,1.0,8.956692913385762,,0.003539999999986776,
239.827069,,,,22.04662459443419,,0.0,,,,,8.793213408869342,,,,,,,,,1.0,,68.4375,,,-266.17364481869447,,48.46875,-0.4500259459018707,0.12735295295715332,1.0,,,,,17.54091216881498,,,,,,,,,,,,,,1.0,,,56.0200141990843,,,,,317.7142639160156,,,,,,372.7109615923353,,,,,,,,4.294050499042252,,,,,12.076739382497243,0.0,,,,,,-80.03220246547954,,15.893669462318876,,,,,1.0,,,0.0,,,,,-261.142822265625,,,-77.06680821026293,,,,,,,
239.830954,,0.0,0.0,,1.0,,0.0,,,,,,,,0.0,1.0,0.0,,,,,,,0.0,,,,,,,,,,0.0,,,,0.0,0.0,,,0.0,0.0,,,0.0,0.0,,,,,,0.020094999999997754,,0.0,0.0,,,,0.0,,,,,-0.0,,,,,,,,,,,,,,,0.0,0.0,0.0,,,,,3200.0,,,,0.0,0.0,,,1.0,,,,,,,,,1.0,8.956692913385762,,0.0032390000000077634,
239.847009,,,,42.65240839501618,,0.0,,,,,9.453918076287467,,,,,,,,,1.0,,62.9375,,,-254.41390962191787,,74.25,-0.4053468406200409,0.12735295295715332,1.0,,,,,18.400686459542374,,,,,,,,,,,,,,1.0,,,50.140146600696,,,,,319.9999694824219,,,,,,378.542773604473,,,,,,,,4.294050499042252,,,,,12.739195955723174,0.0,,,,,,-86.60031321689775,,15.893669462318876,,,,,1.0,,,0.0,,,,,-245.142822265625,,,-77.06680821026293,,,,,,,
239.852516,,0.0,0.0,,1.0,,0.0,,,,,,,,0.0,1.0,0.0,,,,,,,0.0,,,,,,,,,,0.0,,,,0.0,0.0,,,0.0,0.0,,,0.0,0.0,,,,,,0.01994000000001961,,0.0,0.0,,,,0.0,,,,,-0.0,,,,,,,,,,,,,,,0.0,0.0,0.0,,,,,3200.0,,,,0.0,0.0,,,1.0,,,,,,,,,1.0,8.937007874015684,,0.004330000000010159,
239.868263,,,,12.341880020892528,,0.0,,,,,324.9275473482777,,,,,,,,,1.0,,70.1875,,,-241.3265156889721,,59.28125,-0.36115604639053345,0.12735295295715332,1.0,,,,,18.375238936672126,,,,,,,,,,,,,,1.0,,,45.05961986427354,,,,,318.2857360839844,,,,,,342.5478484780789,,,,,,,,4.294050499042252,,,,,12.084315489730857,0.0,,,,,,-50.605388090503624,,15.893669462318876,,,,,1.0,,,0.0,,,,,-245.142822265625,,,-75.60363798021251,,,,,,,
239.874129,,0.0,0.0,,1.0,,0.0,,,,,,,,0.0,1.0,0.0,,,,,,,0.0,,,,,,,,,,0.0,,,,0.0,0.0,,,0.0,0.0,,,0.0,0.0,,,,,,0.021253999999998996,,0.0,0.0,,,,0.0,,,,,-0.0,,,,,,,,,,,,,,,0.0,0.0,0.0,,,,,3200.0,,,,0.0,0.0,,,1.0,,,,,,,,,1.0,8.937007874015684,,0.005798999999996113,
239.887261,,,,179.34560730135996,,0.0,,,,,258.6897014140385,,,,,,,,,1.0,,65.34375,,,-230.12940242396252,,57.46875,-0.3166905641555786,0.1136469841003418,1.0,,,,,18.69938381757643,,,,,,,,,,,,,,1.0,,,40.93993854936511,,,,,318.2857360839844,,,,,,329.0202937165583,,,,,,,,5.89839851946021,,,,,10.810834451068567,0.0,,,,,,-37.70000219664635,,2.477379399153806,,,,,1.0,,,0.0,,,,,-237.14280700683594,,,-74.12476266261615,,,,,,,
239.892531,,0.0,0.0,,1.0,,0.0,,,,,,,,0.0,1.0,0.0,,,,,,,0.0,,,,,,,,,,0.0,,,,0.0,0.0,,,0.0,0.0,,,0.0,0.0,,,,,,0.018997999999982085,,0.0,0.0,,,,0.0,,,,,-0.0,,,,,,,,,,,,,,,0.0,0.0,0.0,,,,,3200.0,,,,0.0,0.0,,,1.0,,,,,,,,,1.0,8.897637795275527,,0.006154999999978372,
239.887261,,,,,,,,,,,,,0.0,,,,,,,,,,110.41348214285713,,,,,,,,,,,,,,,,,,,,,,,,,,,,,,,,,,,,,,,,,,,,,,,,,,1.0,,,,,,,,,,,,,,,,,,,,,,,,,,,,,,,,,,,
239.906975,,,,2.664049050915213,,0.0,,,,,341.37618757558437,,,,,,,,,1.0,,50.4375,,,-219.97695146996983,,45.65625,-0.2718283534049988,0.1136469841003418,1.0,,,,,18.35549151790171,,,,,,,,,,,,,,0.9794304966926575,,,35.86371307236877,,,,,309.1428527832031,,,,,,342.47464365285526,,,,,,,,5.89839851946021,,,,,9.337893826366367,0.0,,,,,,-51.664196900187704,,2.477379399153806,,,,,1.0,,,0.0,,,,,-230.2856903076172,,,-74.12476266261615,,,,,,,
239.910598,,0.0,0.0,,1.0,,0.0,,,,,,,,0.0,1.0,0.0,,,,,,,0.0,,,,,,,,,,0.0,,,,0.0,0.0,,,0.0,0.0,,,0.0,0.0,,,,,,0.019713999999993348,,0.0,0.0,,,,0.0,,,,,-0.0,,,,,,,,,,,,,,,0.0,0.0,0.0,,,,,3200.0,,,,0.0,0.0,,,1.0,,,,,,,,,1.0,8.917322834645606,,0.005578000000014072,
239.924774,,,,,,,,,,,,,,,,,,,,,,,,,,,,,,,,,,,,,,,,0.0,,,,,,,,,,,,,,10.350000000000001,,,,,134.0,,,,,,,,,10.556963134765624,,-1.0,,,,,,,,,,,,,,224.0,,,,,,,,,,0.5715423226356506,,0.0,,,78.0,0.0,,,,,,,,
239.926981,,,,10.098639659963519,,7.625,,,,,323.08165590186553,,,,,,,,,1.0,,43.375,,,-206.63437892683652,,43.28125,-0.22782067954540253,0.1136469841003418,1.0,,,,,17.421568950040935,,,,,,,,,,,,,,0.9761040210723877,,,30.68076399422469,,,,,293.142822265625,,,,,,305.27034783581007,,,,,,,,5.89839851946021,,,,,9.050195362739968,0.0,,,,,,-14.45990108314254,,2.477379399153806,,,,,1.0,,,6.46875,,,,,-230.2856903076172,,,-72.63642546919357,,,,,,,
239.930128,,0.0,0.0,,1.0,,0.0,,,,,,,,0.0,1.0,0.0,,,,,,,0.0,,,,,,,,,,0.0,,,,0.0,0.0,,,0.0,0.0,,,0.0,0.0,,,,,,0.020006000000023505,,0.0,0.0,,,,0.0,,,,,-0.0,,,,,,,,,,,,,,,0.0,0.0,0.0,,,,,3200.0,,,,0.0,0.0,,,1.0,,,,,,,,,1.0,9.055118110236158,,0.00391500000000633,
239.947022,,,,129.66477358688365,,31.625,,,,,203.00011819514992,,,,,,,,,1.0,,22.875,,,-196.66028305169613,,16.46875,-0.1833552122116089,0.1136469841003418,1.0,,,,,19.776322927763342,,,,,,,,,,,,,,0.9570909738540649,,,25.693716056654495,,,,,293.142822265625,,,,,,318.9579250291628,,,,,,,,5.89839851946021,,,,,6.090270733259862,0.0,,,,,,-28.547578687332674,,2.477379399153806,,,,,1.0,,,24.84375,,,,,-216.0,,,-72.63642546919357,,,,,,,
239.95568800000004,,0.0,0.0,,1.0,,0.0,,,,,,,,0.0,1.0,0.0,,,,,,,0.0,,,,,,,,,,0.0,,,,0.0,0.0,,,0.0,0.0,,,0.0,0.0,,,,,,0.020040999999991982,,0.0,0.0,,,,0.0,,,,,-0.0,,,,,,,,,,,,,,,0.0,0.0,0.0,,,,,3200.0,,,,0.0,0.0,,,1.0,,,,,,,,,1.0,9.114173228346395,,0.0034499999999866304,
239.967021,,,,3.5014222601603926,,19.40625,,,,,11.246974574010993,,,,,,,,,1.0,,7.84375,,,-186.31608966914752,,5.71875,-0.13879817724227905,0.1136469841003418,1.0,,,,,19.02320702327577,,,,,,,,,,,,,,0.9349955916404724,,,22.01343070358982,,,,,287.4285583496094,,,,,,283.85860360698854,,,,,,,,5.89839851946021,,,,,5.368362034341401,0.0,,,,,,6.551742734841611,,2.477379399153806,,,,,1.0,,,19.15625,,,,,-192.0,,,-71.14461413098394,,,,,,,
239.970304,,0.0,0.0,,1.0,,0.0,,,,,,,,0.0,1.0,0.0,,,,,,,0.0,,,,,,,,,,0.0,,,,0.0,0.0,,,0.0,0.0,,,0.0,0.0,,,,,,0.019998999999984335,,0.0,0.0,,,,0.0,,,,,-0.0,,,,,,,,,,,,,,,0.0,0.0,0.0,,,,,3200.0,,,,0.0,0.0,,,1.0,,,,,,,,,1.0,9.153543307086554,,0.008962999999994281,
239.987052,,,,128.49604416553763,,19.0,,,,,148.71928423322194,,,,,,,,,1.0,,3.1875,,,-173.76185711571827,,0.5,-0.09448530524969101,0.1136469841003418,1.0,,,,,19.84739476121958,,,,,,,,,,,,,,0.8905606269836426,,,17.225905105445747,,,,,318.8571472167969,,,,,,269.31997377803395,,,,,,,,5.89839851946021,,,,,5.513163522296342,0.0,,,,,,20.79662541038931,,2.477379399153806,,,,,1.0,,,13.125,,,,,-192.0,,,-69.65502345241339,,,,,,,
239.991241,,0.0,0.0,,1.0,,0.0,,,,,,,,0.0,1.0,0.0,,,,,,,0.0,,,,,,,,,,0.0,,,,0.0,0.0,,,0.0,0.0,,,0.0,0.0,,,,,,0.02003100000001723,,0.0,0.0,,,,0.0,,,,,-0.0,,,,,,,,,,,,,,,0.0,0.0,0.0,,,,,3200.0,,,,0.0,0.0,,,1.0,,,,,,,,,1.0,9.114173228346397,,0.0035750000000120963,
240.006966,,,,40.885570356088856,,0.0,,,,,8.91370438947755,,,,,,,,,1.0,,0.0,,,-164.01094303803825,,0.0,-0.05001983791589737,0.1136469841003418,1.0,,,,,21.089636024658315,,,,,,,,,,,,,,0.8460035920143127,,,12.350448066605736,,,,,318.8571472167969,,,,,,284.2283977592676,,,,,,,,5.89839851946021,,,,,7.929453231288757,0.0,,,,,,5.69662146773166,,2.477379399153806,,,,,1.0,,,0.0,,,,,-170.8571319580078,,,-69.65502345241339,,,,,,,
240.011195,,0.0,0.0,,1.0,,0.0,,,,,,,,0.0,1.0,0.0,,,,,,,0.0,,,,,,,,,,0.0,,,,0.0,0.0,,,0.0,0.0,,,0.0,0.0,,,,,,0.019913999999999987,,0.0,0.0,,,,0.0,,,,,-0.0,,,,,,,,,,,,,,,0.0,0.0,0.0,,,,,3200.0,,,,0.0,0.0,,,1.0,,,,,,,,,1.0,9.07480314960624,,0.004475999999982605,
240.026994,,,,58.54793837898023,,0.0625,,,,,13.017341620652333,,,,,,,,,1.0,,0.0,,,-152.45352837607732,,0.0,-0.005584887228906155,0.1136469841003418,1.0,,,,,21.078666032528027,,,,,,,,,,,,,,0.8016601800918579,,,8.053742409035522,,,,,344.5713806152344,,,,,,248.0483089438111,,,,,,,,5.89839851946021,,,,,8.737889611361094,0.0,,,,,,41.876710283188174,,2.477379399153806,,,,,1.0,,,0.0,,,,,-170.8571319580078,,,-68.17302177900314,,,,,,,
240.029573,,0.0,0.0,,1.0,,0.0,,,,,,,,0.0,1.0,0.0,,,,,,,0.0,,,,,,,,,,0.0,,,,0.0,0.0,,,0.0,0.0,,,0.0,0.0,,,,,,0.020027999999996382,,0.0,0.0,,,,0.0,,,,,-0.0,,,,,,,,,,,,,,,0.0,0.0,0.0,,,,,3200.0,,,,0.0,0.0,,,1.0,,,,,,,,,1.0,9.055118110236162,,0.004513000000002876,
240.046976,,,,162.95539505231312,,0.0,,,,,229.88298232430577,,0.0,,,,,,,1.0,,0.0,110.21531607142859,,-141.67587938423378,,0.0,0.03881954401731491,0.11585426330566406,1.0,,,,,22.542608558663613,,,,,,,,,,,,,,0.7572252750396729,,,4.134316631465197,,,,,344.5713806152344,,,,,,237.49906590930036,,,,,,,,5.862928679860329,,1.0,,,9.896711293021704,0.0,,,,,,52.33162314908657,,22.25479558817843,,,,,1.0,,,0.0,,,,,-145.1428680419922,,,-66.7036230606517,,,,,,,
240.051124,,0.0,0.0,,1.0,,0.0,,,,,,,,0.0,1.0,0.0,,,,,,,0.0,,,,,,,,,,0.0,,,,0.0,0.0,,,0.0,0.0,,,0.0,0.0,,,,,,0.019981999999998834,,0.0,0.0,,,,0.0,,,,,-0.0,,,,,,,,,,,,,,,0.0,0.0,0.0,,,,,3200.0,,,,0.0,0.0,,,1.0,,,,,,,,,1.0,8.996062992125925,,0.002895999999992682,
240.067779,,,,346.4418327733581,,,,,,,2.825686229574762,,,,,,,,,,,,,,,,,,0.11585426330566406,1.0,,,,,21.291890080894166,,,,,,,,,,,,,,,,,1.034386615738697,,,,,,,,,,,,,,,,,,,5.862928679860329,,,,,9.708349880946667,0.0,,,,,,,,22.25479558817843,,,,,1.0,,,,,,,,,,,,,,,,,,
